P_hotspot,prediction,true_label
7.559574932000147e-13,0,0.0
1.9198444920364832e-10,0,0.0
3.305350164468794e-13,0,0.0
1.5999527056909291e-12,0,0.0
3.1047407353358376e-11,0,0.0
7.83621827647747e-13,0,0.0
1.4004439787360243e-16,0,0.0
6.598115076814447e-17,0,0.0
2.5645827054647957e-12,0,0.0
1.8394477186510626e-11,0,0.0
6.806283468599815e-14,0,0.0
2.882278715829062e-16,0,0.0
1.5001303577360144e-11,0,0.0
4.5239534491147625e-13,0,0.0
1.328755603751922e-15,0,0.0
3.98287581788939e-12,0,0.0
5.607985950873373e-12,0,0.0
8.674500977024744e-08,0,0.0
8.240399927887795e-09,0,0.0
1.6498094288216294e-13,0,0.0
2.360598742298754e-11,0,0.0
8.158155862099405e-21,0,0.0
3.299948577139086e-18,0,0.0
1.0267987909875634e-13,0,0.0
2.5467856382917515e-16,0,0.0
4.0318554815807694e-14,0,0.0
5.43395429077447e-18,0,0.0
7.553186894538873e-11,0,0.0
6.627590478669325e-16,0,0.0
5.947757525100285e-13,0,0.0
3.085163768551536e-26,0,0.0
1.3995487235079103e-15,0,0.0
1.1327849229603131e-17,0,0.0
1.369500659587775e-18,0,0.0
3.9190732545873886e-13,0,0.0
1.0505653968917524e-09,0,0.0
2.422001103446883e-08,0,0.0
8.825397988650795e-13,0,0.0
4.745272701206907e-13,0,0.0
1.18428060496107e-17,0,0.0
9.223366024422325e-15,0,0.0
3.674917907882335e-17,0,0.0
3.7907341567574286e-11,0,0.0
2.318459663881839e-16,0,0.0
1.1685438855479801e-14,0,0.0
4.090539481711371e-14,0,0.0
2.882919881231895e-10,0,0.0
3.2205384051541813e-13,0,0.0
5.289541444652504e-12,0,0.0
3.87571950857541e-14,0,0.0
1.985360496157077e-09,0,0.0
4.481851421105798e-10,0,0.0
2.2856371753752855e-15,0,0.0
7.513531382299378e-13,0,0.0
4.665891783947892e-13,0,0.0
2.6671121220253282e-11,0,0.0
4.3127031931045316e-15,0,0.0
1.0011102112256865e-15,0,0.0
1.500409120914155e-11,0,0.0
2.1767600444652266e-18,0,0.0
1.6076511626471066e-18,0,0.0
1.300879871012235e-05,0,0.0
2.6032451291558292e-11,0,0.0
4.418348040794612e-12,0,0.0
7.489492896838857e-15,0,0.0
6.374170096341873e-16,0,0.0
8.244636657443606e-14,0,0.0
2.575370081501949e-10,0,0.0
6.202992809160103e-11,0,0.0
1.5080743090347127e-10,0,0.0
8.57968409340105e-18,0,0.0
2.957838316141025e-16,0,0.0
5.500398720831012e-16,0,0.0
5.356753945660732e-15,0,0.0
2.1883380351941032e-08,0,0.0
2.0711316959419353e-11,0,0.0
2.4881972356193824e-11,0,0.0
3.3677496904996696e-14,0,0.0
8.333926158912399e-14,0,0.0
6.485378714401971e-10,0,0.0
3.774609402151126e-21,0,0.0
4.89486448795492e-11,0,0.0
4.863575634591204e-16,0,0.0
7.723961435883521e-12,0,0.0
1.4285120983485376e-13,0,0.0
2.1350389767310984e-16,0,0.0
1.5354427045509272e-13,0,0.0
9.407223884570796e-10,0,0.0
6.537084496016878e-16,0,0.0
4.2074973405063776e-10,0,0.0
5.558085985598838e-15,0,0.0
1.904822653659466e-14,0,0.0
4.0688147714572666e-16,0,0.0
1.5460938051031346e-18,0,0.0
1.294286341135014e-14,0,0.0
1.196905486590195e-14,0,0.0
1.0015902668433739e-18,0,0.0
2.862368062378282e-15,0,0.0
4.731674908113987e-15,0,0.0
5.325565035092285e-11,0,0.0
3.49684425894002e-11,0,0.0
2.399590377697829e-13,0,0.0
2.6177336289271966e-11,0,0.0
1.1884441680511456e-15,0,0.0
1.30152723149742e-11,0,0.0
2.459061957111548e-14,0,0.0
6.961363146181775e-18,0,0.0
1.3227860116703632e-10,0,0.0
8.038145859158466e-11,0,0.0
1.5133852342172824e-10,0,0.0
1.2753052345456023e-08,0,0.0
1.4722814305633742e-15,0,0.0
2.1961868242637808e-13,0,0.0
1.011604515517369e-09,0,0.0
2.2555650229093194e-10,0,0.0
2.288680301109352e-12,0,0.0
3.068014659530188e-07,0,0.0
5.823988497525403e-09,0,0.0
4.3527589905201575e-12,0,0.0
1.4283645300081103e-17,0,0.0
7.758126497377953e-18,0,0.0
1.0229207583376165e-10,0,0.0
1.4003873700390422e-10,0,0.0
3.2211057999913075e-15,0,0.0
1.4261439329527284e-05,0,0.0
2.2741631285826882e-10,0,0.0
5.293356017261353e-10,0,0.0
3.529526960161083e-17,0,0.0
3.251928370807692e-11,0,0.0
6.151689195094799e-13,0,0.0
2.1840357503853663e-10,0,0.0
9.881391574938256e-19,0,0.0
1.7479335017467368e-15,0,0.0
6.400358450525786e-10,0,0.0
7.009156620671453e-16,0,0.0
9.101408970122473e-21,0,0.0
7.293444415024276e-12,0,0.0
1.5037225621896578e-11,0,0.0
1.8101741186612037e-10,0,0.0
1.1003629180272498e-10,0,0.0
4.624574922013152e-13,0,0.0
1.6319620010999196e-21,0,0.0
7.122578410966104e-15,0,0.0
5.374148176138605e-09,0,0.0
1.4302417314966888e-12,0,0.0
2.299367748978486e-10,0,0.0
0.00012857408725456746,0,0.0
1.1242082222554921e-13,0,0.0
1.3862545335680732e-11,0,0.0
8.86835146292324e-07,0,0.0
6.25264715264081e-15,0,0.0
3.374036463250733e-10,0,0.0
3.773334208849401e-10,0,0.0
1.7294492839961914e-14,0,0.0
4.1805844013379104e-08,0,0.0
3.354637449711434e-16,0,0.0
2.1375789197520464e-12,0,0.0
2.8567221331379294e-17,0,0.0
4.758913915805388e-13,0,0.0
1.6340526097376338e-12,0,0.0
2.3673384053132935e-11,0,0.0
1.5671668949756866e-19,0,0.0
1.0302042175793894e-12,0,0.0
9.35694604399527e-13,0,0.0
1.41369493938925e-17,0,0.0
1.6756669669240294e-16,0,0.0
1.0538093715487892e-12,0,0.0
2.1749910790452752e-17,0,0.0
4.926128914535384e-11,0,0.0
4.765837729604445e-10,0,0.0
1.0107308388662155e-09,0,0.0
2.0010460755609416e-15,0,0.0
4.8525405649009325e-14,0,0.0
4.453629905158172e-12,0,0.0
1.9827349509117792e-12,0,0.0
5.983351313154256e-10,0,0.0
9.278929978361049e-18,0,0.0
3.525085329699681e-05,0,0.0
5.78946958659675e-17,0,0.0
3.907394245719796e-17,0,0.0
5.490114670750345e-12,0,0.0
1.1387058394032203e-15,0,0.0
2.0772954870381063e-12,0,0.0
1.955059118569952e-11,0,0.0
1.3393366952179036e-12,0,0.0
5.523179365162049e-19,0,0.0
1.6600460703010378e-09,0,0.0
4.953021011045912e-19,0,0.0
1.6334815942792086e-10,0,0.0
1.7078190903236384e-10,0,0.0
3.125585592559499e-14,0,0.0
2.713087298453078e-10,0,0.0
3.7571562948874575e-14,0,0.0
6.165335940345287e-11,0,0.0
4.885868532616407e-07,0,0.0
1.4610651618785333e-11,0,0.0
5.053955156873988e-13,0,0.0
1.705513528106017e-10,0,0.0
3.0612005620993088e-15,0,0.0
5.025696928095004e-12,0,0.0
7.490212200905971e-11,0,0.0
1.237044803318376e-10,0,0.0
8.637219948982122e-14,0,0.0
3.1933958042409224e-20,0,0.0
5.944082109193526e-13,0,0.0
5.369337521970285e-11,0,0.0
2.586652897662307e-14,0,0.0
5.953682847157044e-17,0,0.0
1.1845832987896859e-13,0,0.0
1.757167920228132e-15,0,0.0
2.764595967517021e-10,0,0.0
1.3617088221928034e-21,0,0.0
1.640463118974548e-08,0,0.0
2.8450947514888502e-12,0,0.0
7.908614218893222e-10,0,0.0
1.1211301356977752e-07,0,0.0
9.322377826787712e-16,0,0.0
1.0657532997389371e-13,0,0.0
5.889663810116614e-14,0,0.0
2.340724264802064e-12,0,0.0
3.884252830227494e-11,0,0.0
5.106714099274484e-15,0,0.0
7.376958734956158e-08,0,0.0
6.223241586619449e-16,0,0.0
1.2354354061586334e-10,0,0.0
3.1195035307515116e-13,0,0.0
6.044144180863907e-15,0,0.0
8.50823884535292e-12,0,0.0
4.766057423103064e-14,0,0.0
2.7218415319877386e-08,0,0.0
2.4600527017028286e-12,0,0.0
1.0953618675061688e-09,0,0.0
2.0096346264463676e-13,0,0.0
5.518130261853112e-10,0,0.0
4.683029420323819e-10,0,0.0
5.176616591056335e-17,0,0.0
9.913538757102307e-16,0,0.0
1.941698482527539e-13,0,0.0
5.2000558782448166e-14,0,0.0
3.892014044036416e-16,0,0.0
5.097563126336934e-21,0,0.0
6.471043811243487e-14,0,0.0
3.5601876392084517e-16,0,0.0
4.7454583758189275e-12,0,0.0
3.180050760752162e-11,0,0.0
1.5080323776255455e-20,0,0.0
2.1468331307551877e-08,0,0.0
2.6472529780405745e-14,0,0.0
9.889313053208306e-10,0,0.0
2.526338087816142e-10,0,0.0
3.3247735032661746e-14,0,0.0
3.891931642023242e-11,0,0.0
7.268720662776017e-15,0,0.0
4.285196637417648e-15,0,0.0
1.7267176146402302e-13,0,0.0
3.0924712912132413e-13,0,0.0
3.120570194352653e-18,0,0.0
3.452428915356435e-13,0,0.0
1.1846625782582886e-13,0,0.0
5.392435130090741e-08,0,0.0
1.9689831982983357e-10,0,0.0
2.10789189865664e-05,0,0.0
1.4870292883756267e-20,0,0.0
4.588852027853598e-13,0,0.0
1.451160360254114e-10,0,0.0
9.175436465681186e-14,0,0.0
4.238826714325393e-18,0,0.0
6.797291144650208e-06,0,0.0
1.591993094912394e-10,0,0.0
8.665644103692388e-10,0,0.0
2.0387115699302267e-16,0,0.0
1.0064084553797816e-14,0,0.0
3.020629549966602e-13,0,0.0
4.546409934255482e-16,0,0.0
5.935982730491982e-13,0,0.0
8.527382204716425e-15,0,0.0
1.0491930271125106e-16,0,0.0
2.712648999102931e-20,0,0.0
1.384881721401529e-11,0,0.0
3.9617467916438923e-17,0,0.0
1.9285426378168126e-10,0,0.0
1.1873975994080872e-10,0,0.0
3.137797488954531e-13,0,0.0
1.2592661964382701e-12,0,0.0
1.313491086252882e-13,0,0.0
5.715550760085055e-15,0,0.0
2.3842823239929306e-13,0,0.0
1.0705558339337758e-11,0,0.0
3.3161593541728456e-13,0,0.0
9.594164077140757e-13,0,0.0
2.7747049961932344e-16,0,0.0
1.8013025366953557e-13,0,0.0
1.274260686881011e-18,0,0.0
6.720562223810728e-16,0,0.0
1.2937962740957275e-15,0,0.0
8.734996227787442e-12,0,0.0
1.8610783436458075e-10,0,0.0
1.2651107898111518e-15,0,0.0
9.022629798708741e-15,0,0.0
1.3529926078028043e-09,0,0.0
3.4666023563750405e-12,0,0.0
1.2269618560375787e-12,0,0.0
2.044272908466962e-06,0,0.0
2.1309910956885153e-17,0,0.0
1.5901801449942877e-14,0,0.0
1.1230406347447755e-12,0,0.0
3.1236615501367924e-14,0,0.0
2.448388783514716e-12,0,0.0
2.6109469456504444e-17,0,0.0
1.008539135721826e-06,0,0.0
2.1482685027051005e-20,0,0.0
1.6662033664030637e-11,0,0.0
1.4528614371566798e-16,0,0.0
3.8695524342087706e-13,0,0.0
3.2333958122163766e-06,0,0.0
3.5481731998738196e-14,0,0.0
4.731577012054382e-19,0,0.0
1.426420299662318e-17,0,0.0
1.1430991097288386e-16,0,0.0
6.452128605960202e-17,0,0.0
3.889162862816e-14,0,0.0
5.736329485317632e-09,0,0.0
4.3343466175339514e-17,0,0.0
5.77439193629054e-17,0,0.0
5.810588514319641e-12,0,0.0
2.341680828749154e-23,0,0.0
4.305504691805753e-07,0,0.0
2.5426598180838762e-11,0,0.0
1.792252754764739e-14,0,0.0
1.9179683032634298e-09,0,0.0
4.6463938333434746e-07,0,0.0
9.46631605823634e-09,0,0.0
1.3157384627687014e-15,0,0.0
9.54719105658979e-14,0,0.0
1.660026302191121e-14,0,0.0
1.0372595516529599e-21,0,0.0
1.880039898609574e-11,0,0.0
7.832472797414554e-10,0,0.0
9.253579504276724e-12,0,0.0
2.038206332554192e-18,0,0.0
1.677692303417941e-06,0,0.0
2.0160977227318737e-18,0,0.0
1.4079103405228146e-11,0,0.0
2.585247487722499e-15,0,0.0
5.746459164051577e-14,0,0.0
2.350913004915474e-13,0,0.0
7.368144085609963e-15,0,0.0
5.4018447266918465e-15,0,0.0
3.209074934705492e-07,0,0.0
1.682734758949641e-16,0,0.0
7.717397848084769e-18,0,0.0
8.426631491385167e-11,0,0.0
2.886661190709288e-13,0,0.0
2.6285082012677397e-10,0,0.0
3.198941235882905e-09,0,0.0
1.7229955993531654e-14,0,0.0
9.259694950952088e-10,0,0.0
4.912566685481036e-16,0,0.0
1.568776439746921e-08,0,0.0
2.8469952942614398e-11,0,0.0
4.94752631120899e-11,0,0.0
5.865445360453528e-14,0,0.0
4.056969672381153e-16,0,0.0
1.2429740606792328e-16,0,0.0
2.9161874153544747e-13,0,0.0
2.6206967080488063e-12,0,0.0
4.565326044801754e-16,0,0.0
7.471615518681049e-10,0,0.0
9.89134064221067e-16,0,0.0
1.6900168728099666e-13,0,0.0
7.62817468151271e-11,0,0.0
2.8603418650480796e-13,0,0.0
8.366787721163355e-19,0,0.0
5.944755229416665e-12,0,0.0
1.7557449423532626e-13,0,0.0
7.706685257196533e-15,0,0.0
5.557018520022856e-10,0,0.0
2.9300229619749392e-08,0,0.0
3.6132165412965843e-13,0,0.0
1.0233175264586203e-15,0,0.0
8.381402950580505e-11,0,0.0
8.198759118379282e-11,0,0.0
3.240647554495714e-12,0,0.0
2.6405178832349357e-15,0,0.0
1.1833463794687725e-12,0,0.0
7.920138902266371e-12,0,0.0
3.6780533377200296e-16,0,0.0
3.593144855787773e-10,0,0.0
3.2968552380091557e-12,0,0.0
1.6750328958072315e-15,0,0.0
2.8670608458086853e-16,0,0.0
2.2689261024290065e-12,0,0.0
2.3250799883301693e-16,0,0.0
1.7053605602910596e-10,0,0.0
1.7164060610254551e-12,0,0.0
3.940519786679543e-16,0,0.0
8.935493648080374e-19,0,0.0
1.292474094975252e-15,0,0.0
6.955097169844489e-06,0,0.0
6.431554326544651e-11,0,0.0
3.150480490843382e-17,0,0.0
1.0062561108204932e-10,0,0.0
2.8413637816092713e-19,0,0.0
2.0460592767036254e-10,0,0.0
7.3312178957988796e-06,0,0.0
2.7542461015473014e-15,0,0.0
1.3320899788059147e-19,0,0.0
9.442052912935288e-18,0,0.0
3.6504290112054905e-15,0,0.0
1.5764957647022117e-11,0,0.0
1.2802517651274933e-12,0,0.0
7.807514950328533e-15,0,0.0
1.1368196944410403e-11,0,0.0
2.869860713048529e-14,0,0.0
6.350492709486599e-11,0,0.0
2.0629648514549167e-07,0,0.0
9.921081558735857e-16,0,0.0
1.1743951461242867e-09,0,0.0
5.433705998186994e-16,0,0.0
5.176990567152628e-14,0,0.0
1.6058655519480107e-09,0,0.0
3.9384606717711055e-13,0,0.0
5.087009862722512e-17,0,0.0
1.4221241962922327e-09,0,0.0
3.001181233245884e-10,0,0.0
8.419826904413437e-09,0,0.0
2.319464915835186e-14,0,0.0
8.048961180983778e-15,0,0.0
9.69162535618199e-14,0,0.0
1.1179653798184382e-10,0,0.0
1.2489816763945962e-08,0,0.0
1.3988880783749936e-16,0,0.0
1.007403195738899e-14,0,0.0
3.5501074309780026e-17,0,0.0
4.349479751539558e-10,0,0.0
5.994100750162306e-19,0,0.0
2.227435795959483e-19,0,0.0
4.6971052645424947e-14,0,0.0
1.9403738777939687e-15,0,0.0
6.730266831810812e-10,0,0.0
1.0072627686953912e-20,0,0.0
3.780150927382789e-14,0,0.0
6.66221724020483e-12,0,0.0
4.156869231405818e-15,0,0.0
2.8187430261648402e-12,0,0.0
8.409930591764783e-13,0,0.0
1.815692588213291e-11,0,0.0
1.6608383076433478e-16,0,0.0
6.750312613929993e-12,0,0.0
6.320283901266963e-11,0,0.0
9.054903494108189e-08,0,0.0
2.2585997982588024e-16,0,0.0
2.7997110006764852e-14,0,0.0
4.2456542091165034e-13,0,0.0
3.740317161763882e-10,0,0.0
1.9007734351659027e-15,0,0.0
4.484120284928452e-15,0,0.0
7.80789664758162e-19,0,0.0
1.0150261991711982e-10,0,0.0
5.941130294389536e-14,0,0.0
4.3614401692135937e-14,0,0.0
2.5613165675802865e-15,0,0.0
1.5327084880476403e-14,0,0.0
1.161019132997707e-08,0,0.0
6.348108058318828e-16,0,0.0
1.0852242047421486e-11,0,0.0
3.269018074414556e-15,0,0.0
2.716705574387103e-10,0,0.0
4.117525831065594e-12,0,0.0
0.00027989372686140773,0,0.0
5.2427381293934535e-15,0,0.0
6.32788069965574e-12,0,0.0
2.1146323963501025e-13,0,0.0
4.047197549060396e-12,0,0.0
3.823101658460372e-18,0,0.0
9.740107616953998e-11,0,0.0
9.773903480480366e-14,0,0.0
3.0280149632594687e-09,0,0.0
5.97964629009992e-06,0,0.0
1.6914079087279215e-11,0,0.0
9.647883464999468e-10,0,0.0
4.4493026016296465e-15,0,0.0
2.2070159099232623e-09,0,0.0
1.7174437393894052e-15,0,0.0
9.393693700502084e-17,0,0.0
5.503823192858102e-17,0,0.0
3.043178592832733e-11,0,0.0
6.300604698026404e-17,0,0.0
1.1016557345472392e-13,0,0.0
4.3433659650096195e-15,0,0.0
6.392677536215438e-09,0,0.0
7.402726691277227e-09,0,0.0
2.8018045601805157e-18,0,0.0
9.702897851817253e-12,0,0.0
3.478303099052626e-20,0,0.0
4.934355965724695e-10,0,0.0
1.8185635766496905e-12,0,0.0
4.359121129357403e-16,0,0.0
1.6676586456324966e-08,0,0.0
3.188902195889026e-12,0,0.0
7.11690034266673e-08,0,0.0
9.387905150362441e-16,0,0.0
1.8511808170146575e-10,0,0.0
7.767572349989242e-14,0,0.0
2.8324518147275334e-17,0,0.0
5.02627579819813e-12,0,0.0
3.4283352367427987e-17,0,0.0
9.770851801367592e-12,0,0.0
5.602457599608109e-14,0,0.0
1.7318555626244373e-16,0,0.0
8.446557231815626e-10,0,0.0
7.148870971050966e-10,0,0.0
3.109799440012037e-13,0,0.0
3.544123420196778e-11,0,0.0
7.953994988791881e-16,0,0.0
4.060226435557513e-11,0,0.0
1.1329023794800517e-11,0,0.0
2.0190114133321625e-14,0,0.0
2.964172160453542e-15,0,0.0
3.0074517788672474e-08,0,0.0
1.899115464335453e-23,0,0.0
4.1958950206796127e-16,0,0.0
1.5285442037390936e-08,0,0.0
2.997414344871392e-17,0,0.0
3.4521349353171348e-09,0,0.0
2.599329837843396e-21,0,0.0
8.253027809786038e-14,0,0.0
1.9709173929780546e-10,0,0.0
5.695709378940516e-12,0,0.0
1.1910798235173033e-12,0,0.0
2.317104924082928e-16,0,0.0
1.9853258513158723e-14,0,0.0
1.7569732635592398e-13,0,0.0
6.323505292365301e-14,0,0.0
4.60932141702143e-17,0,0.0
2.026775377993498e-14,0,0.0
2.4659535436491494e-08,0,0.0
9.181629956856908e-19,0,0.0
1.147945154871957e-18,0,0.0
3.0175403708258834e-13,0,0.0
3.6270350284063945e-11,0,0.0
5.303949329879448e-12,0,0.0
1.1507632899038558e-15,0,0.0
2.4724841604026304e-11,0,0.0
8.424726920590664e-13,0,0.0
3.201010587054784e-13,0,0.0
8.608143429295888e-12,0,0.0
2.4802583900656735e-10,0,0.0
1.3750615643094738e-16,0,0.0
5.277211551829752e-12,0,0.0
3.3939093589650877e-16,0,0.0
5.727923504114036e-18,0,0.0
4.38310772161071e-18,0,0.0
1.225471091259445e-10,0,0.0
8.153497712086521e-17,0,0.0
1.1354631166057993e-12,0,0.0
1.875838800697813e-16,0,0.0
7.341362063438723e-11,0,0.0
8.006287619045363e-15,0,0.0
1.5135696270824084e-12,0,0.0
3.7624270877424526e-13,0,0.0
4.763072587671194e-11,0,0.0
1.0325065706878924e-14,0,0.0
1.1193566440942328e-17,0,0.0
2.28494336522772e-14,0,0.0
5.058355999437173e-15,0,0.0
1.1316200490017617e-17,0,0.0
1.232115844871537e-13,0,0.0
5.459824486774105e-16,0,0.0
1.142764700044634e-16,0,0.0
2.9477603946433843e-06,0,0.0
1.6847854586201157e-13,0,0.0
4.54381562450147e-16,0,0.0
1.035992975780279e-13,0,0.0
2.1854963646209538e-10,0,0.0
2.931544024896094e-14,0,0.0
4.714815812598059e-13,0,0.0
2.855046805237092e-10,0,0.0
2.754809085213401e-09,0,0.0
2.7734935653547793e-15,0,0.0
6.591018879512393e-14,0,0.0
6.030330610248594e-11,0,0.0
2.9946770778226605e-10,0,0.0
2.1624942160275633e-16,0,0.0
7.12289104388424e-13,0,0.0
1.688266940566349e-20,0,0.0
1.540208551980349e-09,0,0.0
1.3125530888034607e-19,0,0.0
1.957776890216775e-17,0,0.0
6.139686605784661e-10,0,0.0
2.1180924334290637e-14,0,0.0
3.3896703246013846e-10,0,0.0
5.002270145430173e-13,0,0.0
2.5384446292057244e-07,0,0.0
1.4120775274828627e-15,0,0.0
4.63510249058763e-17,0,0.0
8.567643572405516e-09,0,0.0
1.5717398770154903e-17,0,0.0
6.976880551606625e-14,0,0.0
3.276317115079592e-10,0,0.0
1.5601767817135634e-10,0,0.0
4.907768088769073e-10,0,0.0
4.293740551342894e-12,0,0.0
2.6090389030831355e-17,0,0.0
2.7220287585410416e-13,0,0.0
0.0026780063798640813,0,0.0
6.176622589823897e-14,0,0.0
8.606453332748846e-14,0,0.0
1.7935634614964494e-11,0,0.0
5.502507544317937e-13,0,0.0
1.2791213225871359e-11,0,0.0
2.790626149093259e-12,0,0.0
3.153720247723958e-16,0,0.0
5.8354932266370155e-09,0,0.0
8.95997620630335e-14,0,0.0
5.150008694505244e-16,0,0.0
3.6829927391743333e-16,0,0.0
2.1478106545667885e-12,0,0.0
1.021225301305302e-16,0,0.0
1.9294729528466177e-16,0,0.0
1.703440062561824e-12,0,0.0
3.6216370816384796e-20,0,0.0
2.412105436283136e-12,0,0.0
6.518544239913562e-19,0,0.0
0.12941988193038592,-1,0.0
1.2265637851025826e-11,0,0.0
7.168565924245882e-16,0,0.0
7.950820467078381e-18,0,0.0
1.114147843240458e-09,0,0.0
1.1456500122719346e-07,0,0.0
4.778325929910388e-13,0,0.0
5.5111716413153663e-17,0,0.0
9.175929019378527e-15,0,0.0
1.090397719347797e-15,0,0.0
2.0139401163433123e-14,0,0.0
1.2106270061936207e-17,0,0.0
7.745893770532932e-11,0,0.0
1.1249894128576986e-15,0,0.0
9.159820963423032e-14,0,0.0
6.37817762941458e-09,0,0.0
4.052996056881666e-19,0,0.0
1.2787711687002327e-08,0,0.0
3.839163538315159e-15,0,0.0
3.4798297530909546e-10,0,0.0
4.995612741351149e-10,0,0.0
1.3491811787862777e-13,0,0.0
1.2626570418385208e-14,0,0.0
2.0969975251057077e-10,0,0.0
4.7134972375192246e-09,0,0.0
1.2075791084287351e-14,0,0.0
1.0057696678873158e-14,0,0.0
1.2267751405802954e-13,0,0.0
1.4931882139391822e-11,0,0.0
1.530165975558388e-10,0,0.0
1.8090268393817294e-15,0,0.0
1.2951275221330374e-08,0,0.0
3.8142134426909453e-11,0,0.0
1.5704097642403612e-12,0,0.0
7.621164197039696e-14,0,0.0
7.082004778651178e-13,0,0.0
6.725063758410333e-14,0,0.0
1.3018651041152863e-14,0,0.0
5.382613873757614e-11,0,0.0
2.13321453680017e-20,0,0.0
1.589009901805675e-07,0,0.0
5.0820003751066865e-11,0,0.0
6.651479037882675e-11,0,0.0
2.2865316392163414e-17,0,0.0
8.267489489973607e-10,0,0.0
1.93208570846174e-10,0,0.0
1.8303691532381503e-11,0,0.0
7.21002467773634e-11,0,0.0
3.655505745290879e-16,0,0.0
4.557615346183591e-08,0,0.0
1.5663857487878314e-10,0,0.0
1.4703460688613347e-19,0,0.0
2.28340430428284e-10,0,0.0
1.2535895192906718e-17,0,0.0
1.7594141185491446e-11,0,0.0
3.4522739082445434e-17,0,0.0
2.408127389074338e-10,0,0.0
8.999345083104033e-16,0,0.0
1.2083027473200894e-13,0,0.0
4.817712792318466e-10,0,0.0
1.340252741970689e-15,0,0.0
1.770386613335896e-12,0,0.0
1.5619471293115652e-11,0,0.0
3.6996948074215775e-13,0,0.0
4.383901229810057e-11,0,0.0
2.0659221555065574e-11,0,0.0
1.6517953395574977e-14,0,0.0
5.990088080814279e-20,0,0.0
2.128122354713964e-11,0,0.0
7.825667443861583e-14,0,0.0
2.5817106190789803e-08,0,0.0
1.8286730298111864e-12,0,0.0
1.7584121760886634e-13,0,0.0
5.758685616194198e-08,0,0.0
3.91901504582141e-10,0,0.0
2.1179135970461942e-10,0,0.0
1.1986364389934473e-06,0,0.0
1.5311068949272877e-13,0,0.0
8.586513658366683e-13,0,0.0
1.2301178653385405e-10,0,0.0
4.286492694651932e-12,0,0.0
1.9059073287775787e-10,0,0.0
8.775652513931044e-14,0,0.0
1.3119369295405046e-15,0,0.0
7.24480443118433e-20,0,0.0
2.8612954692198895e-13,0,0.0
1.409026410495699e-16,0,0.0
9.685166124283722e-13,0,0.0
9.714114808802152e-15,0,0.0
1.1634835941706323e-15,0,0.0
7.497464395128797e-13,0,0.0
2.3148157132931827e-15,0,0.0
3.5601089160373786e-13,0,0.0
1.1043128647569286e-12,0,0.0
1.2794775534083795e-13,0,0.0
1.401941238078007e-06,0,0.0
1.5494102781072768e-15,0,0.0
1.634306674799356e-11,0,0.0
1.4996271680332817e-16,0,0.0
5.706147660676312e-17,0,0.0
1.4316931332922283e-14,0,0.0
1.1082118122324853e-14,0,0.0
1.765080298519861e-16,0,0.0
4.797459710236857e-10,0,0.0
1.9622003960535035e-14,0,0.0
1.144123986151277e-11,0,0.0
6.318334737255021e-18,0,0.0
9.91606373346632e-19,0,0.0
5.69555368879243e-17,0,0.0
1.954363194396144e-14,0,0.0
1.985380028245937e-12,0,0.0
4.8452349609725403e-14,0,0.0
6.437412176587302e-09,0,0.0
2.294827795756123e-12,0,0.0
9.265905598863963e-11,0,0.0
2.072696406025373e-10,0,0.0
4.440939913829972e-10,0,0.0
8.754169965876216e-14,0,0.0
7.610060006792369e-12,0,0.0
4.1669735783097103e-13,0,0.0
2.9393238528661276e-15,0,0.0
4.0926768672029534e-11,0,0.0
5.824363340305457e-10,0,0.0
3.563647496843272e-13,0,0.0
6.148143484756124e-17,0,0.0
1.4612706261409962e-15,0,0.0
4.8223858383961557e-17,0,0.0
8.003856685654585e-14,0,0.0
2.844449298394899e-13,0,0.0
1.1988658328893598e-10,0,0.0
1.7603842917697153e-20,0,0.0
2.059136600609979e-14,0,0.0
1.1534622814775806e-08,0,0.0
1.9293261419553756e-15,0,0.0
4.764636694884582e-13,0,0.0
9.01434056393582e-14,0,0.0
1.6703655112314208e-09,0,0.0
1.6767753083886913e-15,0,0.0
1.6527399497184414e-18,0,0.0
7.06401479524939e-14,0,0.0
7.761037621517615e-17,0,0.0
2.689456073388264e-16,0,0.0
1.9845612163541496e-17,0,0.0
6.198303565576567e-15,0,0.0
1.5314681972509096e-15,0,0.0
2.4997473819305242e-09,0,0.0
8.005772577184993e-19,0,0.0
4.131153529099015e-15,0,0.0
8.564615875043552e-14,0,0.0
1.2733139823090739e-08,0,0.0
2.3421720971952277e-14,0,0.0
2.1381772934811812e-13,0,0.0
6.062032793641223e-13,0,0.0
9.640264088565531e-18,0,0.0
4.9320275429531565e-08,0,0.0
8.254742229048418e-12,0,0.0
1.844660465749253e-16,0,0.0
1.896370407866401e-12,0,0.0
8.808443230204856e-08,0,0.0
6.99136700031858e-13,0,0.0
1.2480106823298443e-12,0,0.0
1.9263402847860877e-14,0,0.0
1.5567505132630213e-12,0,0.0
8.120098700189955e-15,0,0.0
1.93001299207292e-15,0,0.0
2.0012535818870771e-13,0,0.0
8.657598662303599e-13,0,0.0
8.297146125612783e-22,0,0.0
1.158035704212455e-13,0,0.0
2.300604453637378e-12,0,0.0
2.70588873207093e-14,0,0.0
9.44682263666379e-16,0,0.0
4.6596240484731936e-07,0,0.0
2.2758683562631223e-12,0,0.0
1.3766868914119344e-10,0,0.0
5.810065424219818e-15,0,0.0
1.3707008772448941e-11,0,0.0
9.599788981510324e-20,0,0.0
1.0611005544723444e-14,0,0.0
2.0558816787687848e-12,0,0.0
1.1667174066610403e-14,0,0.0
1.5317247546002547e-12,0,0.0
5.7352444809506215e-11,0,0.0
1.3115395227155162e-11,0,0.0
2.1460188017408672e-15,0,0.0
4.639854394837452e-12,0,0.0
3.6424358805101365e-16,0,0.0
1.5568448748389844e-09,0,0.0
4.5956736593515665e-21,0,0.0
2.4328692248182403e-13,0,0.0
1.9074539605730632e-15,0,0.0
1.0132253667584965e-08,0,0.0
3.485141339782876e-16,0,0.0
4.1555839127729234e-19,0,0.0
3.685561773901668e-14,0,0.0
5.5996286071698945e-11,0,0.0
1.7212686180600013e-18,0,0.0
5.475905363791043e-16,0,0.0
7.604653058107e-18,0,0.0
1.957149947077284e-12,0,0.0
8.880191713538825e-15,0,0.0
2.6377285479514892e-11,0,0.0
3.0596757826552305e-07,0,0.0
9.194108999749457e-14,0,0.0
7.661521188249729e-11,0,0.0
8.61571294475306e-09,0,0.0
1.3831471894323672e-10,0,0.0
4.79434219519091e-09,0,0.0
1.9389734953763794e-13,0,0.0
4.422492054093977e-11,0,0.0
7.463024737408908e-16,0,0.0
3.551388549879132e-18,0,0.0
1.7698555854000805e-14,0,0.0
6.298562038414928e-10,0,0.0
1.5974995313015312e-13,0,0.0
2.352503798093999e-09,0,0.0
1.851457629423395e-11,0,0.0
8.219425876649443e-08,0,0.0
4.903052028977497e-18,0,0.0
5.509679659780184e-12,0,0.0
3.223104751122161e-14,0,0.0
7.6635263338227e-12,0,0.0
6.587183040108577e-12,0,0.0
1.2495970674316008e-13,0,0.0
6.532112813895392e-16,0,0.0
3.3184367409834452e-12,0,0.0
2.1307883225537355e-23,0,0.0
6.551138845438356e-13,0,0.0
1.4221245501158972e-15,0,0.0
1.542021339937077e-12,0,0.0
7.015214927069491e-14,0,0.0
3.3497998779904855e-09,0,0.0
9.01239241131903e-11,0,0.0
1.000193841965819e-12,0,0.0
1.2597687277714543e-10,0,0.0
4.807545598700867e-14,0,0.0
1.048823588390977e-16,0,0.0
6.636355687292683e-14,0,0.0
1.4073754387676827e-13,0,0.0
8.335872662836203e-19,0,0.0
1.750284665148865e-12,0,0.0
1.166839876007578e-09,0,0.0
9.604761156057435e-14,0,0.0
4.296540785002279e-14,0,0.0
2.254552608417449e-15,0,0.0
1.3818628447175463e-11,0,0.0
8.737482998789976e-16,0,0.0
6.462625450034701e-11,0,0.0
2.3531055625332287e-18,0,0.0
2.9902575115122825e-15,0,0.0
6.0561964217881835e-15,0,0.0
7.181658590166562e-13,0,0.0
3.4274362276484037e-12,0,0.0
1.0172994977813192e-06,0,0.0
7.871097885246788e-14,0,0.0
1.671534241069564e-15,0,0.0
2.959292341886781e-13,0,0.0
3.10232520237926e-11,0,0.0
2.1196495730844636e-15,0,0.0
8.512450151646435e-16,0,0.0
7.996322519024371e-16,0,0.0
4.452097960190665e-18,0,0.0
2.429003522826881e-13,0,0.0
1.6320452948054555e-13,0,0.0
1.5345274867178077e-16,0,0.0
1.2348658627229164e-17,0,0.0
2.2753636834619867e-14,0,0.0
4.100812943575554e-15,0,0.0
6.323523152016172e-13,0,0.0
5.445937965678131e-16,0,0.0
9.420381954723613e-14,0,0.0
1.4156124970775311e-14,0,0.0
1.9125662402939903e-11,0,0.0
5.541605623061253e-09,0,0.0
5.469397093429388e-16,0,0.0
4.690502319341217e-09,0,0.0
1.3626675427645066e-14,0,0.0
3.457112212364809e-14,0,0.0
2.465770183383061e-09,0,0.0
3.2480756375813527e-17,0,0.0
8.718565863037354e-12,0,0.0
2.1026174207403615e-06,0,0.0
8.24549950260112e-12,0,0.0
4.8419297144791996e-11,0,0.0
8.86936792906506e-19,0,0.0
3.194517759721553e-12,0,0.0
7.321501520052455e-12,0,0.0
1.920565954673092e-13,0,0.0
2.713284214191102e-10,0,0.0
3.2818884588796495e-13,0,0.0
4.878635575976654e-13,0,0.0
2.598287515318348e-15,0,0.0
1.734725640526937e-16,0,0.0
4.979313796157634e-16,0,0.0
1.9723369543456752e-10,0,0.0
1.2835260279484015e-07,0,0.0
1.7836473558478763e-13,0,0.0
4.585098842938978e-08,0,0.0
1.757596581059951e-15,0,0.0
3.0065443222612513e-14,0,0.0
1.6958278730164604e-21,0,0.0
1.0634748356896634e-10,0,0.0
1.2913548688032146e-14,0,0.0
2.012564076551866e-15,0,0.0
3.045906073529493e-12,0,0.0
7.832500668480334e-14,0,0.0
9.628233329037959e-19,0,0.0
1.38992158735629e-07,0,0.0
1.3132495645707268e-06,0,0.0
8.139697583253057e-12,0,0.0
8.934778692987303e-16,0,0.0
2.7395573000947893e-13,0,0.0
7.441398311165675e-17,0,0.0
7.124650871213793e-16,0,0.0
7.002558585103572e-08,0,0.0
6.677720287562802e-15,0,0.0
8.265250783731484e-17,0,0.0
5.842444219132579e-13,0,0.0
4.329312374066931e-15,0,0.0
2.265706453604657e-13,0,0.0
2.181515957148086e-12,0,0.0
4.498364501402716e-10,0,0.0
8.062732824492455e-16,0,0.0
5.413522402022834e-13,0,0.0
1.539882792180099e-17,0,0.0
1.0441652077252632e-16,0,0.0
1.7485856291476892e-14,0,0.0
3.357012748828972e-05,0,0.0
7.843305570262141e-08,0,0.0
4.938228219554874e-13,0,0.0
2.609498937844102e-16,0,0.0
3.952377455700354e-15,0,0.0
4.369172996367582e-11,0,0.0
4.9785424247678556e-14,0,0.0
5.651577192327705e-13,0,0.0
8.214629792491138e-13,0,0.0
7.539412632432596e-11,0,0.0
1.5541842363633892e-22,0,0.0
1.395842636973084e-15,0,0.0
1.2442660468654722e-13,0,0.0
3.678004365977294e-16,0,0.0
5.927993249385905e-11,0,0.0
2.466888834219379e-14,0,0.0
6.3213414151731515e-18,0,0.0
1.932781836400597e-05,0,0.0
9.722807514345976e-16,0,0.0
3.648662429387574e-12,0,0.0
3.3450156942062536e-11,0,0.0
1.3457279441239761e-11,0,0.0
1.1865508840143541e-17,0,0.0
7.708092814146052e-17,0,0.0
5.657116632315447e-15,0,0.0
1.4022506224173432e-09,0,0.0
2.4041140969122925e-14,0,0.0
1.1465987956849727e-11,0,0.0
3.1267958555299636e-14,0,0.0
1.8617472637414813e-16,0,0.0
1.76239115896671e-11,0,0.0
5.333643502200207e-06,0,0.0
2.9733835634810088e-12,0,0.0
3.580892904977795e-10,0,0.0
2.3574377854627588e-12,0,0.0
3.5145758520671033e-13,0,0.0
8.924094088069451e-18,0,0.0
8.956877120825033e-21,0,0.0
8.876259515941248e-15,0,0.0
1.551050191802761e-10,0,0.0
1.8807925454913818e-20,0,0.0
4.470732779255014e-18,0,0.0
8.180206703415556e-14,0,0.0
1.9808816805947994e-09,0,0.0
1.6001071387633686e-12,0,0.0
2.690246642713437e-13,0,0.0
9.101510274979676e-13,0,0.0
1.9662103087580334e-12,0,0.0
1.3213162195622464e-14,0,0.0
0.9999999999649349,1,1.0
0.999999999987627,1,1.0
0.9999999999982008,1,1.0
0.9999999999999882,1,1.0
0.9999999991726667,1,1.0
0.9999999992588808,1,1.0
0.9999999999895643,1,1.0
0.9999999999964535,1,1.0
0.9999999699608582,1,1.0
0.9999999999993494,1,1.0
0.999999999538939,1,1.0
0.999999999999595,1,1.0
0.9999997355436696,1,1.0
0.9999999999936788,1,1.0
0.9999999999999996,1,1.0
0.9999999971107354,1,1.0
0.9999999999358791,1,1.0
1.0,1,1.0
0.9999999865420224,1,1.0
0.9999999999854023,1,1.0
0.9999999150434632,1,1.0
0.9999999996005577,1,1.0
0.9999918392841205,1,1.0
0.9999991270811789,1,1.0
0.9999999999999876,1,1.0
0.9999996709712934,1,1.0
0.9999999994190987,1,1.0
0.9999999999473708,1,1.0
0.9999999995878752,1,1.0
0.9999999999999978,1,1.0
0.9999804068029046,1,1.0
0.9999999994934357,1,1.0
0.9999999999677529,1,1.0
0.9999999999990783,1,1.0
0.9999998480102954,1,1.0
0.9999999999999187,1,1.0
0.9986900280773772,1,1.0
0.999999999997504,1,1.0
0.9998613312888556,1,1.0
0.9999999839461164,1,1.0
0.9999969558425038,1,1.0
0.9999999999971501,1,1.0
0.9999999999999352,1,1.0
0.9999999999878901,1,1.0
0.9999999999999996,1,1.0
0.9999999999289759,1,1.0
0.9999996760767839,1,1.0
0.9999999991901769,1,1.0
0.9999999999145424,1,1.0
0.9999999999804614,1,1.0
0.9999999999999947,1,1.0
0.9999999999999984,1,1.0
0.9999999996664626,1,1.0
0.9999999930808039,1,1.0
0.9999999999521909,1,1.0
0.999999999307237,1,1.0
0.9999999999972331,1,1.0
0.9999999998751705,1,1.0
0.9999999999999418,1,1.0
0.9999999999022882,1,1.0
0.9999999999999931,1,1.0
0.9999999997126046,1,1.0
0.9999999999989562,1,1.0
0.9999999994632092,1,1.0
0.999999981128931,1,1.0
0.9999999195177658,1,1.0
0.9999999985594374,1,1.0
0.9999999965906723,1,1.0
0.9999999999999976,1,1.0
0.9999999999927873,1,1.0
0.9999999999375879,1,1.0
0.9999999999999081,1,1.0
0.9996544695526071,1,1.0
0.9999999999874858,1,1.0
0.9999999756127474,1,1.0
0.9999999999999905,1,1.0
0.9999999999793585,1,1.0
0.999999999988197,1,1.0
1.0,1,1.0
0.9999999999999376,1,1.0
0.9999999999999545,1,1.0
0.9999999999999072,1,1.0
0.9999999999320923,1,1.0
0.9999999999997586,1,1.0
0.999999999737825,1,1.0
0.9999999374856797,1,1.0
0.9999999999995077,1,1.0
1.0,1,1.0
0.9999999994096485,1,1.0
0.9999999999991633,1,1.0
0.9999998833939618,1,1.0
0.9999999884675376,1,1.0
0.9999999999999949,1,1.0
0.9999999955169558,1,1.0
0.9999999351826079,1,1.0
0.9999999999953797,1,1.0
0.99999988774874,1,1.0
0.9999999853855457,1,1.0
0.9999430563658965,1,1.0
0.9999999999999818,1,1.0
