width,spacing,x_coord,y_coord,label
41.96891757052677,55.41590154110941,-5.577101311103214,10.044451566480214,0.0
49.23064044398459,45.360199458020396,8.829402252884456,-10.75895390182838,0.0
57.78760065705478,41.03692942031345,-1.9236309273501164,8.367453121132822,0.0
48.634040772166365,50.0518370312369,-13.665386222020581,0.40562953270304963,0.0
48.305596271898544,47.09453626841308,10.231907079292412,-2.229131006231599,0.0
55.39895954924684,43.63410348477627,14.562071323658817,-5.006146952012433,0.0
54.44692951486256,52.72971008323849,13.070292640593843,-7.50130539754848,0.0
55.75066055940785,51.71809932671043,-0.43225047047358883,3.547854910671301,0.0
54.50501362698922,43.49940163209925,-15.131845792761398,14.422942433189945,0.0
41.073773281013125,53.2586558662705,-1.6761271564114513,1.313227035439495,0.0
48.34585435287656,51.65384074784131,-10.351319774507976,26.11738984116134,0.0
43.616508671993294,60.417434803463244,5.541946998062981,9.563075505812101,0.0
46.253447022397545,49.43010863809851,2.4822495779456526,2.573520657890354,0.0
47.164364423250646,51.594058546667895,9.035050835913161,0.5038156500537044,0.0
49.896933895751275,54.79904413938334,3.5619533587001766,-5.252756076592652,0.0
49.15539962462693,49.01069161981333,6.3431574201496845,-16.047614327543783,0.0
43.980043500270575,52.04591707061303,11.55047906601621,-0.1948809793953088,0.0
37.43138853528376,48.96518896825362,-3.7224459580445735,27.436404220857952,0.0
50.2485016973318,41.342929962486544,-2.5421887411269486,-9.499218233695728,0.0
44.05448315263518,54.474060028937956,7.69731001396064,12.590985132020176,0.0
55.07104605365659,42.350060842796395,-6.769839957054224,-7.473880287169683,0.0
56.771573410971286,53.9248599760645,18.63710380529503,20.413547445449073,0.0
53.06240990432012,55.59608049533777,-1.276942636978578,17.808595347206392,0.0
49.026758363156496,51.24406088538941,-7.962793771838951,14.488997187568735,0.0
55.16060113148996,50.732058318796504,5.542111863110279,2.6509969966872395,0.0
54.85374467493197,48.49248589518085,-3.558188715369179,-13.265420610307967,0.0
53.34580983041464,55.97133188976318,8.752748473620107,0.33408742767068444,0.0
48.08151068121541,47.11241808133105,-10.891039445004893,-2.0185610226908044,0.0
47.45626524241062,57.29580816405346,-2.934962944151117,-4.5732178798857035,0.0
52.134564882818424,46.34948272537392,4.8934660905385075,6.611776737601597,0.0
62.12639866416208,58.44932113680608,16.194948489575633,23.101594550925448,0.0
51.147241252061974,54.07409981484302,-3.969247182142034,-8.29015786032165,0.0
52.18043779625518,55.80257494990873,9.323423663011756,5.950968317931959,0.0
53.86908970867597,52.52249878325169,20.220691294412106,20.623962389185632,0.0
55.13141628241009,46.159120676515336,-0.4014648450950541,-13.14692887143873,0.0
44.88446114384173,46.57298253379191,1.9456592883305652,9.603666536972593,0.0
37.31911432511932,49.6151274116936,5.640148869271395,-9.918125222031563,0.0
51.40903463240986,48.419346095236214,-7.002997038096002,-8.172301462929148,0.0
46.246186017891155,52.45187467693418,-0.2884114233990916,3.448884585867327,0.0
50.676494710271655,55.3911937681381,10.867190350511429,20.37685391144195,0.0
51.540095776494624,50.90857694214132,-7.677039899241857,15.036012570125187,0.0
57.15901391968061,48.612915775875436,-1.4623931644691204,18.761239518575273,0.0
46.55133561863084,48.04678367219894,9.969271317672522,3.5796563381557944,0.0
44.571593698958374,60.311478906856024,-7.739607008002017,10.070538568509571,0.0
49.601386398420324,51.47362308978018,7.670897143569777,13.512299152977427,0.0
50.662446327906196,51.63677552621546,-10.432589942530033,-4.9824418647399265,0.0
43.375733756546595,49.47661669366473,-10.242781619685053,8.383958692528017,0.0
51.38524975564111,49.065174141473356,-3.087583700644936,-5.31685923392101,0.0
43.321747561873806,52.70399987506505,1.1397467130727699,-3.138678267899056,0.0
49.780172129359784,51.23794892860953,8.438843577749159,3.1124730771357783,0.0
49.982625070333114,43.14985058420582,14.094372550476304,-17.309882337961547,0.0
52.37734473575463,42.43161265485699,-19.65120884624639,-2.3660916855296934,0.0
51.445793716457956,53.216357726560304,-0.29661149416203353,-5.566885422329875,0.0
48.05606585072372,51.03876366801148,-16.30727518008015,13.064582335663012,0.0
45.60338658336933,53.209176917500315,-10.379758820790695,-2.9487276355687957,0.0
44.58393198148685,49.98263336252204,-4.145658197233656,17.57460860089005,0.0
54.89675296483147,47.65829797793111,13.949786499251239,3.4266070856290014,0.0
52.31257392205375,53.24522194200081,-13.4343229343291,6.230839802732456,0.0
46.167432802857505,49.77579258108675,-18.083192530193053,-10.385474848176655,0.0
61.41846965501938,51.52521274002607,-6.194194397221536,-12.329296789158409,0.0
56.345580037083515,54.429004265242625,-1.208378832237886,4.485897125778147,0.0
46.17125433808442,37.56451603791673,6.88006622736839,-0.6840761165543185,0.0
45.61154511337089,48.544415247142865,16.77810899444242,8.38355885720799,0.0
48.9785764175606,46.20789555454347,27.968696656231565,7.121937176886765,0.0
48.351766056259365,53.29827629956096,8.258154729013068,11.21233344936675,0.0
51.14449092959624,53.697281046161166,6.167770990544316,3.1806678158438837,0.0
54.617351388603815,46.23696019514717,0.6449855956290101,4.06714881991454,0.0
45.60001855206495,47.752812687064754,3.1907873638013955,-3.7476269093909598,0.0
43.37726621317274,50.62865817181664,2.843342984423117,-8.895034788325573,0.0
44.289712713200416,49.22880668543802,-2.0892485559403657,-7.881441448203638,0.0
56.27109702849828,54.943259464912806,-9.435211579650808,-15.480192946037297,0.0
48.57705180802923,57.16240477294689,0.09764518217270265,-6.5688075719822026,0.0
51.28401527731207,55.0162088512755,-18.607238948930583,-11.410514806880208,0.0
50.55669474441055,53.18143689795425,15.271861084067503,-10.391708288897659,0.0
47.73725313807075,42.06224663542215,-4.876229697888145,2.4796447822979797,0.0
44.61062207656762,50.65799415981145,1.1105710979087347,-13.864525248247881,0.0
49.54264310982307,46.308064869097734,-9.785951290093966,9.811513343568164,0.0
54.0700982007441,49.464467752380266,-11.690677986346065,-12.93498702090699,0.0
51.178328397135566,47.70041994192951,17.497987369810375,9.982081755945444,0.0
45.87509800774903,46.71660671139159,-0.16759522382600006,-1.2265901744012895,0.0
57.18338161709128,59.26543656350632,1.8045100437833361,-0.01987030182555503,0.0
43.9065437968565,50.42482826189285,0.42086755681377624,-1.7652370985665673,0.0
49.25213991535335,56.47514538907034,7.211154061358295,-16.10195245180477,0.0
49.856257369817136,47.29468815192285,-7.294576485459689,3.3617499309403884,0.0
53.362309990435676,47.110615324855296,-4.608104201814193,6.992962136677941,0.0
54.690282719406206,52.47348837683481,2.03347286897876,-6.032934316825776,0.0
59.650718330899984,42.07387985122091,-3.4797004630019197,-5.895186288999787,0.0
47.16254934991893,45.608262085158636,1.5280456984669366,-8.654481907823271,0.0
45.71736581871096,58.69826464290958,18.092534090235443,-11.64139408959532,0.0
47.26855276693671,46.27404730294157,-12.292242744616857,-0.24493824564022687,0.0
47.08858149676948,55.814040991822914,4.376423199182044,-9.66323565709608,0.0
55.47969027215231,48.53139790202318,-15.359411203333991,-3.188328020344633,0.0
51.723523711615705,54.63008736454933,2.3561624781666786,-10.071756969898404,0.0
53.62778398179445,54.70384464127302,7.139039956536197,18.15107384130897,0.0
51.639301683049766,50.93026471227726,-18.75219281440269,23.9495702271568,0.0
47.437378770738405,54.695350992845334,-3.9621659726440557,5.632879535049893,0.0
54.8408450754216,57.07377830120875,-1.8788329359544216,-4.457491906071035,0.0
48.42266265611044,55.29700134855304,-4.46892503743131,0.8289390038551842,0.0
55.02433569262398,49.81305340720148,1.1033025595092654,-9.748162910998028,0.0
47.54106799519425,48.12645567308941,-20.90891456338905,3.109512264080489,0.0
43.88742726806402,50.73563728163071,-8.334350567564458,13.61672061551872,0.0
58.162204702246065,43.70919369701139,-8.143039604775158,-7.623796829394998,0.0
46.7747156818881,48.41637451291732,0.47345568815561845,5.729123169483396,0.0
48.177376221553125,55.55782004163401,-4.509504864625249,16.658705379638,0.0
48.55010041210695,47.95412924263193,3.718280461742778,-4.262537492878206,0.0
50.457349188022384,51.19499954546413,-7.261926636457706,13.25754081105625,0.0
54.44367008215419,56.62343992001074,12.074475681145795,-22.686519115491546,0.0
41.185156507826974,51.606682232520285,20.886032218634313,-1.46715898995665,0.0
47.84394619105324,46.634508827517706,-6.957863068353869,9.890406698041422,0.0
50.388217607380014,43.46463239656919,8.992768558505901,1.1645866864569696,0.0
44.70228251120793,45.101479333738205,-1.9924489107519205,-21.342874247266938,0.0
52.43239211809605,52.00904931347604,15.204830921676443,-3.604327398777119,0.0
54.41983281291399,47.26773172047029,-16.658358780293458,-1.6314807605962058,0.0
42.86301575837389,48.672553619985514,-4.394574227795454,1.8764278159901444,0.0
49.07071659860686,44.98546597821495,-7.034168750011447,3.46156236892426,0.0
50.837832870998774,48.04789679902345,-6.094755851006681,-8.880406010842513,0.0
46.05588882243574,41.47316332959086,2.5347420511778513,-8.230572355621243,0.0
49.338889287013494,42.29446796292112,5.166291911544065,-9.974350046692296,0.0
50.6062818822392,45.829870972058316,10.274154047364775,5.803835402862354,0.0
46.578422818435584,60.192211292286586,-16.993066305335603,-20.177740859213237,0.0
50.530550831768835,58.540504479681054,14.2220027555015,-7.18693454187944,0.0
50.01338823453227,43.7388078368871,-7.574598176401446,17.41491971951738,0.0
48.409002610152434,46.42796008381309,-0.25065682422603097,-13.043912298453685,0.0
56.84024145689838,45.54041897218123,5.201082644860757,9.512159734404493,0.0
42.69442511015188,40.398725407643795,-6.9515173725890875,-18.785419357092604,0.0
41.645176997571504,50.8059025022531,7.947599725056742,-8.91316568249916,0.0
47.25692493027481,46.89789839886366,19.03676130499261,-25.150846709005535,0.0
56.23057542068935,51.474733352204495,4.9634630486871085,2.643113895443045,0.0
50.13802560084801,46.4644149664213,-18.737887913990505,0.47262521505528166,0.0
45.90993017005413,52.32371486157497,6.723853471051747,2.735637448544932,0.0
45.38816149951586,47.47026711424016,-2.6558014536733183,14.393530693161178,0.0
49.86516622165814,59.11346537835991,10.857458355701283,15.053528912228968,0.0
55.140716214370826,49.91685843886717,3.0518013725434123,-3.601957782381015,0.0
44.29955122642507,48.01543134708116,-6.725197370244695,-5.714719251198876,0.0
60.180989520535626,44.974642580741296,-1.0840042440210191,2.7970041429729084,0.0
57.71775196868513,58.26234720045446,-1.5637145332171463,-0.2992630503102403,0.0
51.299767178771724,46.305333019163584,-7.082610512129927,-0.7322313911702084,0.0
50.55512439159472,45.55663796605501,14.105731799194274,-2.644766326122764,0.0
44.18654900432819,49.030921266926,-3.3320182846205637,6.544504502930467,0.0
50.838533406620776,43.47352243448341,-2.0345692841209133,6.116144019324764,0.0
46.48624108483209,52.48157271419073,-2.182185713713617,-2.376688441906306,0.0
51.319706864766864,61.067207709178355,22.015175265154188,23.24799112712428,0.0
51.053595601252276,52.17517492085999,2.291894661642992,-0.7911456341100093,0.0
46.65562029570527,44.50204273730161,-6.745848797143401,-5.074563549650534,0.0
48.58671665102327,48.493957913562426,18.06508965873396,5.104579836570581,0.0
48.92246799417891,45.64122281538485,2.386720654969582,-13.741893278406929,0.0
45.23052018554722,36.463521119166785,-2.9963670156865643,3.033405661803488,0.0
51.935209067829774,50.16416229598973,2.5030707320279317,-21.249227597613704,0.0
47.33327270337697,48.767615320581136,12.11272988462806,-4.667853753536103,0.0
40.09568401598831,45.55232079205838,25.164261957307342,-11.296594271935742,0.0
53.28709625519367,48.87521303684857,-2.9538386343688487,15.888200126725849,0.0
46.183425906368264,46.05492401678472,15.197778026136886,5.839636822936555,0.0
54.37863033270893,41.20271864903353,3.1677010785679034,-20.04421110502473,0.0
52.04337984703052,51.28781831507449,4.799654817205195,-12.863564105450234,0.0
47.25775439512037,42.303677767796756,-1.105026434920683,-9.071757608527061,0.0
60.85740891850895,47.38422501312854,-4.828819985071135,-11.996436767650682,0.0
45.228994860802096,52.16360235133883,-11.366700172353328,-4.95020714704766,0.0
54.89366879326586,50.77688392951397,12.771970461977666,13.070196174498793,0.0
45.157832929122456,53.15278656094661,-0.055395897653111356,8.43574791445328,0.0
57.37881802359044,41.08757348818516,10.370916248130278,-4.933605437800322,0.0
48.366545011634805,45.022385014013906,11.138840361746013,17.834724076896116,0.0
59.208411392230204,51.88176871469011,6.727835402702302,9.76180593428096,0.0
48.30802530308985,49.0109519812923,0.5585722402542307,16.71776017946355,0.0
46.50806780998448,51.75296493438674,-0.889813569772026,1.239962739043912,0.0
52.7202039738781,55.82634228819435,6.165115133969184,0.560529045859012,0.0
56.44015462042417,51.8005609742862,-2.5478188874644934,-11.423746023018175,0.0
54.84810678305356,42.51799105947645,9.235852218610287,6.419877421530295,0.0
58.74172723850833,46.61954808076932,4.393942067009436,17.044074578377348,0.0
40.85329605790196,52.32765514551001,11.246084817698108,10.147676116568956,0.0
42.395920212842384,49.627099625354134,-6.256912840228596,-1.2068295409634502,0.0
46.201578071292786,46.2795164750973,-4.636790248210627,-7.562480088825909,0.0
51.35284370150156,51.445397383320426,5.559031228446505,13.410898801470015,0.0
46.77451323658193,54.173601918336956,3.069371440932067,-6.122007040579025,0.0
53.41056135808124,45.13434964431418,-6.2363139046969405,-5.155632497512733,0.0
49.780536980963916,49.08302472696608,-13.077205730102389,-7.969543687884047,0.0
50.88778034461728,43.031111610339565,5.726016727027838,-10.988414852291555,0.0
50.794899499276696,58.40448059620796,-6.278192848571217,0.10774746065484783,0.0
46.72982843951819,37.03328428428875,-20.910986777675745,-8.873226948271927,0.0
49.22253894253012,57.52670067459796,8.89449807086492,0.7049122206638516,0.0
49.440126388643385,57.028000375755234,15.94985607226397,4.9676485078205985,0.0
45.93370985741553,50.88721958930162,-7.886389989231123,-3.703230130048528,0.0
50.210941308188154,54.769238491994834,-2.6359056789895288,-3.443052807622479,0.0
53.851406539570675,46.05558304203593,-18.47057174311751,-6.271919613039801,0.0
48.29474095043464,48.1772317496184,-12.207766594750307,-4.772547976382798,0.0
44.78156356546786,52.44028758169043,5.017631235372705,7.189452277226244,0.0
51.02807264655896,60.78404870009292,-7.370139505618175,-14.183343897566125,0.0
42.90449754227306,47.388133447999955,-15.631953531615029,-18.221831739823173,0.0
59.95875550370378,53.34335031622466,-1.6440189352189787,-7.113981067248384,0.0
45.54576765142283,48.2963557201093,-7.015658549597855,-5.1913011418773,0.0
47.2727048687148,45.99110238800426,2.725468387062712,8.775309353980113,0.0
51.88374100920731,50.79138418140065,-5.8040405834002975,-5.7048997052002,0.0
45.9695863975778,47.54216887756204,-6.674391109445022,-2.7683742392929482,0.0
50.7889570588289,52.005538317901184,14.402500505246232,-20.416983644016447,0.0
47.49047277574603,47.08676946975901,-5.857868219287855,10.522810956793439,0.0
51.7799510778359,36.241460267033204,-0.3151598783137969,-8.855638286037738,0.0
43.77462784825072,51.045769195814806,16.907071343927225,4.525073725306973,0.0
50.14969322071906,49.72821227060821,4.226312516390295,-9.590458952907916,0.0
42.14928715104349,50.66406451312841,-2.81450966276392,6.592727647557069,0.0
53.52059498789261,50.25714233482658,16.955850147944993,-3.7876799750705774,0.0
50.739190976346315,46.79362016462876,2.437397832167516,-2.103326350666861,0.0
44.28255446768173,49.565697066667546,0.3392909075375247,7.2206987956393665,0.0
44.67313301923791,49.2894277708018,-12.83625980169711,7.809662003340325,0.0
50.27943701450252,49.88336572071151,11.038879034168762,3.52801409659579,0.0
54.36570702067034,59.68261893731911,9.036479978049911,-1.4883458917750405,0.0
56.14182025390469,42.77101556701294,-5.8947300987430316,8.690408084532775,0.0
47.91905597479038,47.603052149446384,-2.6628048256899057,-14.185312748370865,0.0
51.70978201285758,50.34031126387235,-10.947911515589016,12.227614220635822,0.0
52.407916879812895,55.260556360590755,-8.280946631741546,6.662841300941164,0.0
45.87858850747612,54.01826851811791,-7.198072050849142,9.877747984330282,0.0
46.46832309778033,57.13281367190067,3.083158852757448,-4.816436677439783,0.0
54.90708286278252,38.73881896052673,12.572976904093034,-4.228101501082884,0.0
58.702753605536756,52.16489206266776,23.08536467558733,21.299578892460758,0.0
43.66844891543708,45.89654749062067,-14.281494285418281,2.9059138727675293,0.0
50.30685145534615,46.87163092821679,-9.432099001693436,17.79024744404975,0.0
51.91446963655943,42.27479222974491,-4.5279585435195315,-13.41197321727938,0.0
45.568175861060844,42.51583270011469,-4.099632689462502,1.201679555354242,0.0
61.651180591142236,42.787457108491864,3.5068187523426526,1.029284474292202,0.0
50.370459164582215,51.06020690805218,9.93443419498256,-13.856129831154476,0.0
45.69144075930582,54.594198937063695,-3.0677926907681123,9.416103634342731,0.0
50.03404417419028,47.98271661348579,7.637291209535938,-3.1912727480263903,0.0
42.90359043323655,51.359644784552565,-3.7119565500060547,6.691410658024115,0.0
46.40347322763191,56.54263571482075,-12.819005869115523,9.957947859970034,0.0
38.72626135176428,47.599342360332,11.744297190685058,16.452377874378442,0.0
55.48648573581575,50.36528141315273,9.615125330333424,-5.548900978183175,0.0
47.15705181539855,46.62240792830228,12.39344958439595,0.5451756083748439,0.0
50.90967364671747,48.31760853355636,-1.1605151122743054,9.499491066607819,0.0
53.551141733948675,49.41332096399222,-1.3023763804269841,7.955372610913225,0.0
45.6358519350728,49.92343549638533,-0.9279566317770607,15.541430980399703,0.0
56.99813787559611,46.257025638429766,-1.7713059967686928,-11.176640337300729,0.0
38.947823807396546,48.371768389060826,-1.9358127333261,-7.92422356386671,0.0
52.7246197291825,46.82115718176193,-10.647861907943215,-15.208147088747621,0.0
42.98869432589157,48.505786086762036,2.7131814730805375,-5.023227291104392,0.0
45.03712257401974,54.45697211271845,-21.449561307255255,-0.8568644241139801,0.0
49.056540962143885,43.67572556647852,12.037884298851694,-0.8850208621836965,0.0
48.90423006799325,44.6497479846139,-2.6047782568565374,-3.0421059855995387,0.0
54.792036536758815,47.61198178773144,34.388763372079445,14.355969164447123,0.0
55.922700821938236,50.126119167785234,1.0040362798958975,-6.754036432390505,0.0
55.42361951439941,45.66415169800495,-2.523515687136664,-2.7619678476039184,0.0
48.31023567087521,52.93199471439689,5.267932250618913,-6.015800657164979,0.0
56.63469820313762,49.55952854513052,-2.3486484747959153,2.0272814050212578,0.0
57.261085719290364,60.37144601385357,11.523796156701787,-19.98554585080633,0.0
51.32346147047599,50.864543352787734,-9.77475944502947,-11.383224216506383,0.0
50.87545687656597,53.25241135290153,12.252162197831971,10.875087064894846,0.0
51.79747668337411,45.96662657081442,2.131451430820242,-2.926958657907963,0.0
47.33253739383401,47.91696436038322,-6.999797402771754,9.896726425702228,0.0
50.46220496546113,63.89568922643628,2.036729742154656,-3.469257953020224,0.0
49.08293843021652,41.71486245571134,-21.323383748260014,1.3787587557032932,0.0
52.280054332181166,50.662951066333775,-9.467096156973847,-3.71676279493287,0.0
34.21723996763867,54.1552071210529,-12.866454823686158,3.4697993525538653,0.0
40.742559455839555,51.40372034095977,-3.7007417202047854,7.787556577639392,0.0
55.17538615197368,48.03323546634379,-6.080995305237408,-6.709808895888978,0.0
53.160397011946536,43.42483880889792,-10.452952309416474,-2.1237651156953192,0.0
53.296041772717906,51.108411924777826,-1.7848680735742715,-11.876357757237049,0.0
52.92604679105405,49.38556453105633,7.3136914140253495,9.93933954786931,0.0
51.597621516604384,48.195223820783724,1.986597998467781,6.905956020480385,0.0
50.452092871741975,49.97383723367109,0.49096930440730224,-9.657510624275035,0.0
56.028674455695004,52.77775854433982,-2.2447050779541873,16.069391841881185,0.0
46.20121132316004,52.95559929162725,11.713745413293449,-7.283268920497306,0.0
47.93525197953875,52.52705310914504,-5.507626572796529,1.3429043970737369,0.0
49.31496883487215,41.09023331020234,6.446123053156302,-23.503860390342417,0.0
55.90200862907781,39.13755551441045,-0.5754237566611377,-6.275744378001498,0.0
42.701781577391216,40.291925142605784,4.704734241504459,-2.705733356960595,0.0
59.99287750387222,56.941884175674154,-9.482877150095346,-7.033546834806015,0.0
54.805772990959696,45.882758192412915,-11.294934807697972,-0.9899129167635157,0.0
44.36174738413641,49.21844572346363,-3.9104382784809455,-2.4638872590602543,0.0
48.771766346628404,51.440451482978155,4.011099916309155,5.3638320104393795,0.0
52.00306259246825,57.7407824576615,8.642714756683025,-3.7457827153271195,0.0
47.19251547608582,37.2965506046809,-6.709493901167836,5.964962440899537,0.0
40.36407896749806,51.84149393912305,-5.275932977106795,-2.3215869289928612,0.0
38.61645001920973,51.472191699985515,-9.996895402767457,-1.984489273446996,0.0
49.631665794156,54.25478509365911,15.68985382023036,14.872003766201447,0.0
52.292216253532196,51.75624335831059,-17.5276716650471,-0.9359236198321484,0.0
50.835218588626,47.691043134846815,11.772438918147618,7.496847454981799,0.0
53.2210908696029,51.756726857775924,-2.5259803055332197,11.994172738557697,0.0
50.615688483146705,49.452486616025425,-11.992281859618437,-6.3988100027592605,0.0
48.00001893186131,54.84228911133073,-9.168599927641816,0.7168613275836632,0.0
48.94360716866629,57.8567377478156,0.6604765469240748,-18.90985633417327,0.0
48.41620829536657,63.19123147366909,20.155619735310783,13.210934925399451,0.0
42.566069236861,52.433275978021335,3.279648829980102,-5.116741414564707,0.0
51.44747340048364,56.39522572576833,3.889633841798803,-2.7849556786832244,0.0
40.721721641828765,50.582568220300665,27.954482019315193,12.898945501896382,0.0
47.483392103159616,46.430124553848486,17.13946043835255,-1.861710675588732,0.0
49.5038037022876,50.80829133509215,-9.488068946871703,-10.247772844909601,0.0
52.10256406532756,47.97489868829241,-21.04631423691781,-10.272755613540356,0.0
49.56439568540653,51.13771596944215,-29.352705712579265,-19.38640235906891,0.0
54.17941833604037,49.1031367254528,5.372866229563767,1.187665066831987,0.0
54.32699777318719,46.039656468636714,-8.114095125051437,6.331139490666551,0.0
47.46547457407314,48.96315038530032,-9.937963231323032,9.0233125260153,0.0
48.252112270115944,51.629194543246655,-9.751695111274197,-9.278970987737463,0.0
50.473502230429986,46.77768888582106,12.677261398791483,8.84277351318514,0.0
53.29376698320881,53.648914525936476,-5.034122505962601,-4.666393224388981,0.0
48.26929367688428,50.51776363037917,4.692995994596899,14.274497079449361,0.0
48.37720743339551,61.05597022656142,6.247336247881616,9.434264402521933,0.0
47.78249830658535,57.130841671082244,-9.965995582809896,4.906278009847015,0.0
51.503452591465006,53.03227408855293,-6.632283299447721,9.86402766925216,0.0
48.99572535853296,47.57554735364858,24.321328681635713,-6.062757078034544,0.0
44.992770843957544,48.54784768908597,-1.7523839934869223,-4.519954339082593,0.0
44.121440477215685,58.536793377059155,-5.024004185624915,-16.10480787054499,0.0
48.91074997930016,53.495744086806155,5.9381358097829375,1.816423769024795,0.0
43.503637414472735,45.92087943719205,17.337370775166487,19.43076628112009,0.0
50.237695395158696,45.97499310352704,6.132064985147895,11.911533299441341,0.0
53.67973816318827,43.22551339401505,-2.0309732218398606,17.063310746468726,0.0
44.476003904075895,40.99293681889098,11.233661045972266,-6.482508349431553,0.0
47.43363475368277,60.22195881442086,-9.669484536708023,-4.1720392317006825,0.0
48.56748872866039,52.80365755954713,9.317958560626158,6.412479747652535,0.0
53.480229146174246,43.702145220634534,-2.6361087438193795,16.467155548640132,0.0
56.10133868766968,43.258153500527605,15.936093491208664,8.59869949145467,0.0
53.68225551061055,46.27479932261261,-18.87521335158797,-21.045245444901965,0.0
56.29952654467041,51.836029661940316,9.634715755885233,-1.1423346406463437,0.0
34.427211183051895,49.34419258847069,-12.246979692845269,16.316771890391568,0.0
51.55455276108806,62.831299603879,-8.942749766093673,7.507930405961169,0.0
50.199381124070285,46.901180025412124,17.323493672677674,-14.76024752756314,0.0
56.26700996528834,50.99502584424843,14.22304546766389,-8.098942861976584,0.0
44.49154155624333,53.69749709284234,8.877306751550465,5.51383592319814,0.0
40.91500603617871,43.311013150979655,4.565966536475755,-7.010156510091779,0.0
47.66599156217488,51.82380411248066,6.957362166210334,19.850532498538342,0.0
55.63448876702529,57.215133334917695,4.958995491354495,-10.38542460058499,0.0
50.10815455532298,56.69227190957722,5.79369086831816,17.286191468572977,0.0
54.82218987138435,53.07742528562945,10.662931305558615,-11.56054374040644,0.0
55.24225228412581,51.256443451144335,11.461480827547422,3.8938776030093356,0.0
48.473519556626755,52.72296326061031,16.83737449717752,-4.1765684991324505,0.0
49.766718249521254,41.96551177799571,4.579190765257375,-10.138151755431517,0.0
56.49620828361027,52.62826034149772,-5.682948335737104,-5.484125215620338,0.0
55.64736017500135,53.11986155107282,-8.057780974927734,-3.732776719570821,0.0
43.163895086861615,52.72276595268947,-1.3858451417514652,-4.263999580120621,0.0
48.32952169610285,70.02907221606907,7.462160084251534,12.947143698981296,0.0
44.94155837183064,42.32732874624561,6.339936124629749,-28.45857327223547,0.0
46.537729709480246,48.13355266773298,4.9938116489459,10.172098155307392,0.0
49.16320366480983,53.45333057655883,-10.410541760103548,-9.735489036502686,0.0
47.1455971856795,43.866370469864584,6.786191628680464,7.157771766830817,0.0
48.56308829245068,38.471459870714874,-21.104336145154935,22.000422079906954,0.0
45.485964491179224,44.84872695692119,-4.597093022486625,-3.3134429310128946,0.0
47.18300108855132,57.24768343607018,16.425068075364887,-17.184684732598058,0.0
51.303926678430535,45.937249861664085,35.05957842650013,10.069042610162365,0.0
47.033061100626476,54.25588705460684,6.165289297061007,6.9377964442304005,0.0
61.50867649099194,54.834905538153436,-4.522728510629085,12.688285742551047,0.0
57.319653542884005,39.345750291573566,-0.8787780582519078,-2.4094736611660226,0.0
50.400051635222134,42.8494472703019,13.664063905773043,-8.713465379039597,0.0
46.489204103643445,49.73693431726496,7.46913148724318,-1.83329709688158,0.0
53.62221930825899,56.92351410263749,5.540689971582889,-1.5446123095878217,0.0
45.99890126899515,40.19368940545105,2.9794612368223268,-12.366431093869403,0.0
53.92044039899991,57.681892151653415,-6.740235113025506,-10.600040867231144,0.0
50.259815448461374,47.09745842505825,5.371840193443681,-15.8894530806363,0.0
58.18489524067291,46.59547981793024,-1.4869451460475338,-1.3248219542629716,0.0
54.56753989924596,47.70770219584416,2.8135492267042785,-7.138688007900651,0.0
45.09899740167638,53.2748297241327,14.099445089269711,7.961171619846464,0.0
54.190089924377226,50.06865536516596,-5.005127229015999,-5.280575541097229,0.0
50.71611603227151,51.64722732664018,7.708418415852314,8.025619046664339,0.0
44.09942073536775,42.77829014149439,-2.5808834492120614,0.8267848979127296,0.0
41.889992011655536,61.74027142112554,-3.641465582426692,-8.776994657689208,0.0
55.13347142205579,55.48503828159581,-0.15882102138421364,-11.777841481489219,0.0
40.30236983130165,52.29511919334646,12.739048493658958,10.080690187036954,0.0
53.7339914242478,47.01026865033987,0.8652845659494796,-5.932319442164763,0.0
46.05065130796137,47.736678541565944,-20.165652056680187,-2.2218955083953165,0.0
48.296013284877056,42.93562809432572,11.418301141004804,-1.720652412853966,0.0
47.627608287591066,54.38786148619098,-10.750702158999722,11.210342239620545,0.0
45.648788141740326,46.958942499426925,-17.42816498678597,10.529282370149794,0.0
52.96379058643773,51.344413705900074,18.233626038462408,3.6874672668079174,0.0
47.916500960592884,42.2301685948436,-1.4806981868714875,-0.4557444758122381,0.0
48.881674862902585,45.632296431017075,10.340713052680993,7.9622620222924265,0.0
45.67597598956705,48.487784950895005,5.336666750348451,7.882497526830356,0.0
49.80648125256459,51.716063020833744,-6.080937594737601,-0.45515698832064305,0.0
54.14202616413669,52.79980314559391,-6.982086476066728,-6.446792199546561,0.0
48.540069313530154,56.83018584183538,3.6277151200031104,13.46413744668747,0.0
52.65871159767742,47.38074382338949,-4.948435110543995,4.921805832976553,0.0
54.23547777998753,43.86397765617654,14.57334952221874,-5.837637089639998,0.0
50.093500736455596,55.22782264082212,-8.00848896788332,11.479441727320925,0.0
43.1695500272824,48.92968946670972,11.55597259239634,-18.723078615553977,0.0
54.16938645978453,51.873666497401736,-4.365156856106464,-6.136475657943578,0.0
50.69462606499197,50.90902804096095,6.594733861967451,-27.653146156295154,0.0
47.031927088765556,47.41442803352705,5.321024520722464,-0.01257507135405421,0.0
46.23506386961499,52.906236261334556,-13.041754775640815,-13.799865853713085,0.0
54.751662309693515,57.996709069707805,-15.313630064690443,-7.627572860893123,0.0
52.34756332087424,45.093444736791874,11.836467882198997,-5.600807604059045,0.0
52.230936196912666,45.94831928700445,9.544385365631937,13.821349914290344,0.0
48.05288411010975,53.068763408341134,4.431099184963753,19.357966368197435,0.0
42.10439711137302,49.57336790171,1.581477998740862,7.770455756038887,0.0
38.62657261670447,48.46901391428235,0.3592829829991666,-10.461976697275066,0.0
48.665727511650196,50.474097138896255,4.4875062585897565,3.1666712466984137,0.0
52.85359584159501,52.96886728699788,-5.818907959065389,-5.81394454314734,0.0
51.418026622116145,43.97502016038235,-10.392983388247794,2.948438084388141,0.0
44.02420326552543,49.32135386028421,4.191815665798524,12.131169084220586,0.0
50.82284643816729,46.89154448202588,3.972952076448835,-0.3486713204971931,0.0
44.34388687041138,58.32379690778896,-3.020709035224696,3.4087729994976987,0.0
47.1941120510521,50.57573194933997,0.5693398499149861,8.647837252945617,0.0
52.86029127182108,45.564089191838264,-7.025510881919087,-12.911950364125072,0.0
54.86108596050856,52.28152557872933,-6.797795770773937,-6.445984135517366,0.0
46.65279532283189,46.71321336674687,-21.099792094669354,-13.02465687461712,0.0
51.3660367702935,45.86264703425525,-4.784589179351737,11.111879418229494,0.0
52.8713470457116,49.8592074946343,11.947689305237263,10.170797717029057,0.0
52.981826596905876,53.69634980558569,15.458988291503243,-11.006955288553913,0.0
47.842037197027935,50.43882265882757,12.406129070459858,-14.43520895771341,0.0
54.87205074728388,50.08453352510155,10.128784017565343,7.28884236191846,0.0
46.99709411747834,46.268166934423476,-1.421962447396795,11.915881246553397,0.0
45.58805760331996,51.341464336617356,3.182317928496286,12.064005659837044,0.0
52.04782543288223,51.06697299314277,5.722811068360004,21.37598592280638,0.0
60.72151776312748,51.39639749862339,12.662537093423689,-9.431766053162841,0.0
54.796890689167164,49.95690898855484,2.970082031972549,1.5314840155283136,0.0
48.91011155954361,34.643226859085274,-0.3311832224244621,10.80725604775532,0.0
44.1425306803654,49.96463365923197,20.14436776445215,-3.762546237146634,0.0
53.12910649259832,54.88880128490809,-1.7891134377637694,4.482432108953425,0.0
53.361452574705545,41.49625247480445,11.295983185720042,-5.066222535829654,0.0
58.31958851357672,53.79179763628444,8.442519176903117,-0.1059064359947849,0.0
40.30817310177506,51.796054377343026,-2.312638020625044,1.5566537438878578,0.0
42.36290381369413,41.48416169047805,2.606823412756476,-2.9256446257861746,0.0
47.46902378488329,56.29380294575649,-15.873098274611968,-3.040991585531183,0.0
56.51796067187923,56.197347935826855,-7.791420672097401,12.796361768225,0.0
51.81718858625056,57.46590062969294,-10.585689052975377,7.952351745664332,0.0
53.30996211467058,51.299537087021235,2.122761960997522,-7.43709942192119,0.0
54.15568057108328,42.90278829218088,-20.16444793401375,12.739763950454055,0.0
46.27230487552478,51.036263434365175,24.483399627157244,0.7408279008261104,0.0
42.222858647279985,58.81538957038266,3.5196042894928343,8.251714376686074,0.0
51.589987049298685,44.91498906165064,-4.715125038558738,6.870751566655545,0.0
55.52438309121516,46.615305088441524,11.743224420823012,-4.472552237311042,0.0
42.41680653943107,49.386326944906614,17.094000229734355,23.28093770969957,0.0
44.74770721790216,42.63733758332913,-3.4915874409847096,1.4570099633890847,0.0
47.26532244130686,56.86730348058825,-14.277862863315784,-14.498058091989922,0.0
46.68533077710215,45.003672829291474,5.329056711387549,4.803405915713946,0.0
46.673019775441865,58.0361299617667,10.430201288291208,-9.203460808519226,0.0
50.864492774342864,50.82450905568071,-3.8279798708633783,0.10217915123797702,0.0
44.664666862897235,46.78507085523552,0.1053877283093696,2.438062890723947,0.0
46.16741445170683,53.02846475540435,7.346494076601292,-15.231335120744852,0.0
50.78263815145918,57.08242889905679,-5.957489415288009,-4.044571939096552,0.0
40.4976927379454,49.771635865286044,-7.19355165714957,-6.591037822346949,0.0
49.973289659394766,42.56323092694247,16.260065424960747,3.5120788779733205,0.0
43.722712835936846,46.48733819088335,12.143609873691304,-12.126020452727587,0.0
48.016038841017384,54.074281611100524,-11.928477889784626,-1.2358834520568716,0.0
45.098440003431605,56.21870118229153,11.69140837613936,8.632661556315076,0.0
56.12666515152564,44.937394693943034,0.5666085336248885,0.8684043205897228,0.0
38.50615669901933,53.767851289373226,-2.3529726763745185,20.81184283000898,0.0
43.15701054799302,45.890158973444045,-19.440629606867613,-12.180626264498981,0.0
53.89975855259052,51.527423486195936,9.236623728466691,8.283316532545271,0.0
50.33410959669129,52.16592196516012,-6.167307470859111,11.251630087898945,0.0
53.95599859117584,52.35772595616811,10.94422524516824,9.703241086379213,0.0
52.516522832432635,42.247922129956066,-1.8441277406888659,-13.338744652054537,0.0
48.32524753490899,62.468237570046796,-2.0904205235348496,-9.114431819593605,0.0
52.59031286207129,60.40210929934757,-10.499923284196992,-1.5069898263436783,0.0
53.182745899561475,48.97529057407186,-2.763673206522892,-2.082382620508381,0.0
51.55512486128475,53.32882325166317,-16.23548005694744,10.328948200265742,0.0
46.4956486238562,46.317045161220115,-5.470595326414954,-1.5319787920485322,0.0
56.241318159003164,56.58164653205028,-5.042654126015444,27.16637637885997,0.0
48.768557505132684,53.09486765814052,-10.257229848227592,-4.560533261471347,0.0
44.64458228813717,51.23542516724389,7.634994945296041,4.292720416476287,0.0
54.762847933908795,47.26434615617472,10.613693415322134,8.748970596477758,0.0
48.4583807518655,49.9922301765524,-22.36224105560308,-0.18325535206277385,0.0
58.8533343011204,39.97558027571414,-6.118662262804672,4.818063922579203,0.0
51.334366700158256,45.23902440139998,-6.983105280842858,2.596943320471419,0.0
60.41813142743474,47.53196768046805,-10.567094756133859,-0.5245449456669279,0.0
54.46181890364419,41.44277487157492,6.462360888248909,6.622405415350871,0.0
46.87988945538698,47.037577693141586,6.8813662513423655,8.492957598900455,0.0
44.42346310291579,43.38014385087778,2.713402818033087,3.38324730218859,0.0
55.291951488800166,51.59821548773144,-2.315039092473393,-0.2789456423838877,0.0
51.41211870626518,50.9802450148782,-3.256162462906025,-1.8307305557707556,0.0
50.0401413112001,48.933154665865914,12.042770972276687,0.8196773734559375,0.0
41.32632447308083,50.857635240930136,-11.296815567884583,11.276293830767104,0.0
51.89478527168962,53.48551750530262,-10.460133043967133,-15.038542904117687,0.0
50.16100687372104,52.76437521766871,2.5172921298470063,7.138374818782147,0.0
52.35012863813448,57.90333295404314,2.2487895473370005,11.960993778284648,0.0
43.88122716442032,48.74633530212733,7.399349215344067,17.13673529974745,0.0
52.799414738054274,49.58729156560595,-16.062662694353914,2.3841107050287444,0.0
60.09597253992583,42.20063658815282,0.7941846109209881,-4.498348640604472,0.0
54.97361397097925,49.69394024437298,3.964827150353729,-3.715855288686914,0.0
54.031497649789706,48.85693015424446,-8.402659712925665,6.256173825979619,0.0
43.7711910172128,45.87376663063801,-3.1035991117029758,2.5043552131151348,0.0
54.22935668395422,49.716157351265444,9.759414680470208,8.48153032626618,0.0
40.72153603467048,54.0369789334651,-5.395708199783735,5.760728588349876,0.0
49.67124251217752,53.65749677225871,7.565407810223885,1.633577441278943,0.0
41.610563318347644,50.60572301334149,4.932249235486061,-9.878358705184699,0.0
49.18498460046221,48.39252715582102,1.766222791406571,-2.8092746105052373,0.0
41.002474392524434,39.09847587871157,7.823016561524113,5.230669096288953,0.0
53.49262141176706,48.916477666408475,2.3461727799090566,10.935290157906202,0.0
44.33200173922951,51.7050393965631,7.278639504437393,0.27243469262500375,0.0
43.27498032045223,55.418004466997004,-2.2775771528920714,8.066046124189924,0.0
56.42722963656381,39.3415900098457,9.319739953533762,6.512459151053909,0.0
51.95819367143116,58.646076289050285,-16.181104315734085,2.327228765300477,0.0
46.62638232041807,47.36993669945533,-0.2739669525800036,6.819469418449851,0.0
52.70472619562037,49.750835412236924,-21.72329599569391,-8.594023066039714,0.0
46.525018880096795,45.059836821000594,-9.996030955640373,1.0607958086174825,0.0
48.7246288368908,35.23509267705997,17.426014751437776,0.003524207076901957,0.0
44.63172134138074,50.40710736610126,19.970858535104213,0.39460392211403245,0.0
46.98478418379772,45.83317331302071,7.414365416548614,-11.9972585637186,0.0
50.49144447791883,53.113424675003905,0.35001016779408023,-0.26634176187145236,0.0
47.730530641612965,43.537544640644875,22.66118706195051,-2.6048242661579772,0.0
48.30870657410004,55.844366965741806,0.17513814599239216,-4.67498326602694,0.0
48.23130254235514,58.53907440828088,-14.107470416363787,-4.088920017364993,0.0
53.651079756645565,53.46770363535229,8.566823886790942,2.0247400744375867,0.0
51.833275963407736,43.94688365176836,6.847385841743783,-1.932952878183691,0.0
50.40916622362456,56.67904671507877,-1.6285673096420883,4.443978753033056,0.0
50.06548019320714,50.58765081542151,12.767859834571528,-4.729189364561927,0.0
43.586957307370255,58.305605693280064,-2.0418437882386593,-5.635712121239115,0.0
51.223346098166054,41.22288143757537,-26.936333926358383,-18.38377917855984,0.0
45.568538332813915,44.623355066060924,-16.39059056943125,25.366908319889422,0.0
47.675017185933136,61.72775780230884,-7.356476311898453,2.647486236479439,0.0
46.90941020334599,49.602697589363935,-10.627708490017284,7.475954532106307,0.0
50.47094367491527,58.92901361893075,11.837687454430421,32.81153653378189,0.0
50.399310174015696,43.407090255882196,-6.492167357624609,-1.9838022155132813,0.0
52.122500769689935,47.23713242397129,-9.317418985433825,-6.837548431539346,0.0
54.4738998200056,51.17828325220582,-7.383208867527907,10.134927570218103,0.0
46.44178346360626,43.67854867017983,-9.92048615303032,-0.7062877487566754,0.0
51.23984010617683,46.519200111425505,5.8814934483621,-1.353197250768173,0.0
42.807406742065645,45.191439598405935,-10.867319802828197,0.7575259729248546,0.0
53.138435311717366,52.12624722096777,12.153132539993123,-5.918240930825714,0.0
50.26316444047723,45.16283508029518,10.20590233340458,-20.70639095131766,0.0
46.41785377909275,53.16750829658974,0.11410671638423589,16.869161101780783,0.0
52.943243662560086,52.77137111609126,14.316930873735314,13.522109419267785,0.0
48.688814344211,47.13378339200564,15.683825081051758,7.306171315610359,0.0
55.39763328807757,54.187428728065306,-15.972089824863948,-3.03452817129088,0.0
53.284811499907114,42.27753806854373,-6.9448454558354955,17.29650552925355,0.0
45.300287091346206,54.978765806137034,-2.2577818767681306,-14.194673343491381,0.0
53.90145655269967,53.77940650610055,-10.185532742592525,-4.627329775169611,0.0
50.07879212084543,43.23727232014065,-12.214997837890767,2.6525703907622993,0.0
50.03706965494235,43.77908109048086,13.332020582420087,-14.54309643453277,0.0
52.68658790544283,45.57974150118557,4.011125444999383,13.021112632633699,0.0
49.901305208399876,43.90514438432459,9.147493740535102,12.265349880300601,0.0
44.061847224670245,59.12397643620534,2.3149455484877453,-17.88889618717979,0.0
47.448789812790146,46.091698326343966,5.439304830809579,17.37563345144791,0.0
51.475629046203345,44.94330427347357,-4.230703299193295,7.417923125719651,0.0
56.46400840606155,47.94799731886446,-11.120963201424907,-11.924926280162172,0.0
50.35185678035727,52.09811639934973,2.139985230266273,16.334727087083397,0.0
46.551577479121036,41.28203767748526,10.537843160614862,11.666408362281913,0.0
57.0511622352032,60.03511882710985,15.558443162607443,18.661164282736774,0.0
56.95134105516109,49.29425185069213,-4.480492727310258,2.511066796634803,0.0
37.588161028035024,50.43719797700554,-4.864077611288956,19.034548586170224,0.0
52.52385312466291,54.927356711597206,19.013523305535735,-1.5238954099010684,0.0
41.60922873514147,48.441190313478316,-9.537918588573444,-3.509205431573021,0.0
56.84616730865548,61.13713350575236,1.2759778326801463,-15.474187131882722,0.0
50.54793703136925,50.63876966627433,-5.358576507910263,2.294380431917034,0.0
48.3460576452777,46.306562507156634,10.678786965312788,-15.3604922096992,0.0
57.746941146057765,40.28466886719886,2.9967511204542547,-6.347920368180633,0.0
51.70076849200537,47.43501645010202,-6.558494059957737,0.756809030256499,0.0
51.16729748313198,55.73189546454895,-16.842331433243004,4.89401971437779,0.0
55.33005825943192,46.37079803833849,-16.090394517272973,22.01427249423354,0.0
49.153572830852745,51.08246164010516,-1.398586525578225,0.5508931849823032,0.0
47.506085329996516,53.49146907448558,-3.2869176548010555,-14.103275966126855,0.0
48.83081373959937,58.50245686137204,-6.315038929748575,-16.537309610952445,0.0
43.85117355312011,56.499553467192875,-8.639563778083186,-13.411441917053404,0.0
47.76274599314591,42.49279579247748,-8.183215704431326,-17.364457460300702,0.0
61.79572695331569,48.79440881868994,9.305214188637049,-0.12154429899372088,0.0
53.37201100761028,58.219811322683896,13.125655072625555,-11.873035773414937,0.0
50.15265553821871,49.94706100579233,5.391283980694924,-6.165377870934146,0.0
49.49082526428922,45.40205585102317,19.312822214936627,-1.0269220710422207,0.0
48.20707044675413,47.6569847579733,8.861920647819412,10.3428015516479,0.0
50.12089230688213,55.05082598688627,-3.667004359751588,-11.491537795576296,0.0
45.12236146049992,50.17245450813699,-5.2738081982519045,-2.5604156287391113,0.0
45.43120493671592,50.93751929644857,26.04501284449404,11.456778638715672,0.0
51.233178152869606,49.08438939879965,-7.775382328941953,0.43701933392283987,0.0
44.0681507575266,51.776551133192775,1.6101610540569973,-4.10997181075711,0.0
48.404203554952225,45.05782177478988,12.508899045830905,-1.6646940391843112,0.0
52.97039061817437,53.57319164751964,10.971750352748943,-1.643791882701742,0.0
50.49051158002471,46.726129989882345,6.055841171530977,-0.9820914989334989,0.0
46.85863043110762,58.33753243176375,-14.111122344323693,-5.069112627598642,0.0
53.941641275281256,52.41603972161944,9.880157980379703,20.526038976510478,0.0
49.12372182704743,58.47327116283115,15.64872940431012,12.411506823648589,0.0
46.29235491445531,47.946523303967304,2.668108529195602,-6.716322706004395,0.0
47.604433870246865,58.841439139927616,-0.15365577203318467,-1.1377567152743353,0.0
48.39283693058592,50.49022828777093,-11.82607844284524,-1.1294015698264295,0.0
46.77669380805025,58.83540753862921,-5.279963124190317,0.4125953990934915,0.0
41.98127371014083,51.769912145312645,-11.706139405774348,12.74045748798018,0.0
52.728216815121726,49.247674773998,2.57777412960468,11.493913325002286,0.0
45.242672221719786,52.177422102553194,4.461666034878175,2.318316182080425,0.0
50.98201805271194,49.663071038310946,-13.026458689473808,-11.937737847660054,0.0
47.884969931352764,46.659667201701296,10.915154003511557,2.6689482137779734,0.0
54.23717593506715,50.40123896618036,-13.91061355811477,-12.576791247793317,0.0
56.766946354473745,51.97178704060246,0.7206470725923576,5.348856554165117,0.0
52.498425881051006,50.038834461673595,-6.557391938891585,3.4075188460970915,0.0
47.98768093305293,53.5857626399816,16.1848998921509,10.376374972478605,0.0
55.37176975479329,54.486657146442695,6.244946512515109,-8.574979974775092,0.0
56.57110799408626,45.86250929461272,7.399858909630375,-15.35693217550659,0.0
44.918856317637115,58.77809659202298,11.652514380199841,6.364641951637607,0.0
51.22058101060403,56.37368967138061,3.4526048284066233,-37.684194650336934,0.0
35.67846185464894,47.03191104564675,10.01186458991102,-6.253142358346796,0.0
49.138670419050705,51.56191070135788,-5.773739199226961,-19.85101260641394,0.0
52.660969569561566,53.48827768736297,1.6357593102323182,-4.7469918005236575,0.0
47.623937166690595,53.45331521842961,18.701704713405803,-18.69610504697443,0.0
53.68395117038187,41.65675035814764,-0.590286523695887,-11.174676704998621,0.0
48.070337638076055,53.77118041763804,-7.651904391681064,-7.200163588779695,0.0
49.673733359583025,49.2441559030815,8.709452600608682,1.7972200332951802,0.0
54.060620499289485,41.299161514166386,7.494567643347105,-16.054403611851363,0.0
48.189385053352744,43.3867442852726,12.028600089363463,-4.357138533105934,0.0
53.02149202288582,51.61064466611996,8.87744143903839,-8.09618085379511,0.0
46.84573984561084,53.85460150297315,-4.055460125667345,-0.07727187621986795,0.0
54.12939272748851,40.83216323626081,13.32472755143489,-3.525833719989802,0.0
42.832079361743,49.52643355004758,-10.208203224936057,-7.813624183047532,0.0
52.193667907420405,54.23152784470484,-0.11862343051724988,0.717479719583398,0.0
42.93512589407505,54.65756257830408,6.983212777187909,-7.523083600442959,0.0
53.47787011538708,59.88091293051538,6.97262533692626,11.124646033993042,0.0
48.08008543834099,43.13594292982307,1.5595873483092642,10.69466785735285,0.0
58.67187963690128,55.681233446626464,-2.580364580636151,-6.178691647836572,0.0
56.57895361591081,49.82389278546233,26.11725767381575,2.8010326765169946,0.0
36.51027712646169,53.64949000099786,19.3487454488064,-9.461889437502359,0.0
56.845127956455116,45.47519189509351,-6.332415553778095,6.449158960181847,0.0
45.1016356894809,47.802684598192805,2.9843418825404386,-0.4147111946781384,0.0
53.629078155153366,47.26357084156629,0.6456069854121556,-14.284834666146454,0.0
46.43652368431357,40.89702051547006,2.1197958896254794,0.43291047602543625,0.0
52.26967586036869,53.1040506283301,-11.292499545021093,0.8905065449410972,0.0
45.78672176108361,60.593257431735324,1.6942050436828404,-2.2023317129891025,0.0
42.29069284865609,47.34950934999622,-10.949003070362231,0.9857995992469583,0.0
46.84916230234837,60.622417457476395,16.388549751558656,-3.8560112414291052,0.0
51.884195591980266,50.002092496501675,2.3196616416960323,-8.496847599884129,0.0
48.12214562602803,45.86306385284254,-0.23381067115684057,-11.066372604726638,0.0
50.21727937041562,45.0516752078387,7.72551751819125,-15.695366581056135,0.0
49.441154051562364,44.515968967376274,-4.209675957258183,-10.27750633919693,0.0
43.91934960099731,52.70441604117054,-17.042431501513747,2.2856657499183983,0.0
49.68708776264333,58.555878478413305,-11.229475121592973,-7.1502702526796735,0.0
51.75703181297089,48.256766839762214,-5.126185356071449,5.574102089043653,0.0
44.203833853204536,35.18589704169521,-2.192742419535198,-17.093716949617246,0.0
51.21250724611797,48.14189752475384,3.169674322310767,17.737757771954815,0.0
52.50085330367792,47.312219256161875,-13.613273161684742,26.509277452339486,0.0
50.06415507935971,44.930650330876546,6.779450961566624,9.260263606279851,0.0
48.57167638612548,50.075194648823945,5.8163640464834625,3.9087543642015348,0.0
46.40085846078413,49.93090943312337,-13.23696585939219,-1.8190943571785259,0.0
49.85128660289846,49.05169683445192,-24.891795302658384,-2.84195795710119,0.0
42.874884576171496,60.27652580282105,-4.789763707047337,-16.183388291865132,0.0
43.438861292783635,46.40417362834721,9.504014276081307,3.791960530590913,0.0
55.34204656675484,47.24718809218683,-5.753697598427971,-10.129899597118229,0.0
57.271365292293105,50.260461768690114,-5.833342974508912,-11.648761697737449,0.0
51.04724809293826,55.47310459967477,-14.245397018231522,-7.632178869465022,0.0
48.605276679324355,48.910602548111726,8.933721775868067,1.4652440256946004,0.0
59.09282959701878,48.902307414037764,-9.57722215537702,2.278271705065526,0.0
53.27757689961179,53.59014254661192,-2.270854716257934,-0.6163474307452436,0.0
47.6594264106217,50.41635779639887,-2.850407928856338,0.11497619978981921,0.0
55.929957808850844,56.818500630161175,7.48260906645457,9.708747971208878,0.0
47.09970703975214,50.168035873987726,-10.152273294498604,-27.619904593797024,0.0
55.33878761095229,56.985786057713,-15.070611467968263,8.89495964187043,0.0
42.97203465165485,32.554151808062954,-4.845002550603928,-12.156743444264366,0.0
43.321173123954296,51.983952906299066,-17.984698312868606,-3.513252751355152,0.0
50.01527033451418,55.44185312843452,0.07020479784873249,-9.257732216359829,0.0
49.05173859436669,59.82406408552583,-6.442568189155083,2.093114061698767,0.0
51.016494871238464,41.855258885574976,9.428838736737973,-6.407448274202205,0.0
46.124577942270335,42.233538195816855,-5.97308503837744,-3.710798603479637,0.0
50.910994775710094,49.27971554317989,-8.377693355265574,-5.347126601786025,0.0
56.35090665325577,47.922694728387526,6.4369320121492954,19.756314121574825,0.0
51.711857404210726,52.32968527530479,18.13438952800554,-17.70479366497544,0.0
47.34041634809872,56.19933213963363,-25.897691639425,-19.218108292014822,0.0
50.16142681544255,51.38940982427826,-2.8443836711854003,12.181331965462752,0.0
52.084489341388384,57.74462986064518,9.90139825164252,-20.798403735186938,0.0
43.11555764891442,50.637228571675685,3.9255797029264112,-8.656885871274723,0.0
48.45293979225963,54.62075953088013,21.044377253988028,6.466036866188994,0.0
46.64592312812461,53.812971888812015,-8.096044233876729,-4.777625418600913,0.0
51.589113362337,40.89969937158915,-23.287627794654885,-2.0965111075351253,0.0
55.39295056500909,57.45013791862141,-13.477930864733443,5.4883406346351995,0.0
41.48802243803029,47.15909320271145,-3.1807880100432846,21.12412593380819,0.0
49.841886771808795,53.109224930045386,-2.0774736466368644,12.149314012366295,0.0
48.16926961039666,45.48643123923582,-4.749992210842971,-0.703985286038647,0.0
51.202222774095986,42.8040052410207,-7.225394518164951,-3.310215672904432,0.0
39.77798182595125,58.172357259655634,13.527373725850996,5.884325885827195,0.0
56.30243044949307,46.06795170692408,6.865252319161835,1.2103059692051956,0.0
48.84098094631073,44.9739857926545,10.485264371902632,-2.788960842554667,0.0
46.633333081242895,43.8200467005581,3.683852950913151,5.813746499011847,0.0
48.92104732802173,53.37492119556693,4.655162511019492,0.3716761113446383,0.0
53.85619261539794,49.59468097891554,10.548313244576198,-7.349278153575563,0.0
48.09193936564835,52.61824307407244,-20.968729614393578,-9.19468009921516,0.0
47.0767743531658,48.87587432378327,0.23417275183238803,1.3537356335440685,0.0
52.36285047941081,43.233723559488084,-11.965304399432455,-6.66268714396871,0.0
57.49008225328609,45.59464555930691,5.552827043094291,7.762197865770063,0.0
45.896125549603234,42.491199979382436,19.110786661768365,9.301785140255145,0.0
55.115821919811346,41.779725517900644,-10.744450744435092,-3.7104775530255347,0.0
50.623817329741684,46.77222961232327,6.789524717872988,7.493461265554123,0.0
48.22985473254324,52.87339116365115,-2.2290263018505914,-16.19974082146889,0.0
48.08396125470066,51.1496897840935,-15.37663610575563,7.366184772098759,0.0
56.33104205265986,44.93285192271242,1.5046367025045158,1.2378311962686692,0.0
52.44328237546549,48.688982107750476,2.630663041150867,14.687268240675317,0.0
45.411767354101336,48.25632279858415,1.7558921595025576,16.497703586936883,0.0
48.78577593184807,64.84390448890326,-0.011617100216271027,-3.0239725966539237,0.0
41.951414963487075,45.11594359550267,9.690102578267437,-4.836662080395676,0.0
45.84795072728766,49.0886747357627,4.756784519134343,-9.503240386544547,0.0
42.64871763769585,51.12265390353658,-5.451506100448388,9.834633955206604,0.0
50.408343234548596,56.482200472875284,20.337142544763744,3.8420657326836642,0.0
52.72534726694653,41.7012502982891,-12.926723358006349,-11.885931906103092,0.0
48.525547332560514,44.83913539114029,-3.1894723662847224,11.495278227571715,0.0
42.877420595052165,51.78228102664737,8.935476865313227,4.519465260123301,0.0
46.322693532048945,48.42836257025133,0.3195726867858048,-8.782658766046517,0.0
53.11719218045293,52.76465687288359,3.781415833735901,0.3031803601568087,0.0
43.314589860060735,45.09057073069182,-7.920087179410723,8.437609580054808,0.0
37.31603334538713,52.297736583305905,-20.131004862856866,-11.843985134482315,0.0
61.03266436583428,54.45864403575265,-13.27883629820837,-9.527886242426725,0.0
49.04169112048954,44.80010480308342,-8.704471663730706,8.486427202770138,0.0
57.20932576448175,53.61078876509083,-8.6539142064193,-10.498758415377889,0.0
58.33230747958926,36.820607603249286,11.203543857885956,-0.5076875827504681,0.0
46.08581175196446,60.57103850845701,1.3892154674004533,2.6856311634287318,0.0
46.40692234648732,44.317320433404724,-4.826104245397359,37.69922034818816,0.0
54.3351138549055,50.78624634748658,-6.189966361939297,7.815526631586847,0.0
48.01067593532061,52.09757513269761,5.249356216990794,1.0816815294473652,0.0
45.77620938089613,47.21529314826962,-5.369443036466141,-9.074727960294354,0.0
53.44867901823518,53.07242418382387,-26.778353887364844,-3.703435408790887,0.0
49.31841231358678,48.37462142572371,18.944598318081177,-2.0044822040338337,0.0
53.32136506934687,44.45445584552171,-9.820960320564557,-8.413108609705885,0.0
47.14756848195177,52.28650425671971,2.3339887965995993,-10.186143677507252,0.0
45.64470201067582,49.320650603591105,-9.26041943208611,4.687587208686796,0.0
52.0570194703519,42.65375211035049,14.882013821113578,4.939200376922102,0.0
55.16032062287107,49.5152418244513,-19.879662892684756,-15.247866028156915,0.0
52.4092884778595,57.69404757323675,15.717248478413499,20.638319740400174,0.0
51.942882204190376,43.92001380899313,1.0397851484961314,3.5278391452311286,0.0
43.72781979887587,55.75813224845087,0.7162659415860805,10.58166912440809,0.0
44.27307315547764,44.90482941949937,-5.734724224900852,-1.5863074496743481,0.0
46.08457617285382,51.27078112167109,1.0150432981102377,6.210612131746055,0.0
51.03429008612733,50.37651630923027,-19.195043080303392,-6.4130364645570275,0.0
49.9411851354186,38.59417089930293,-0.11302064635971237,5.4292440655502645,0.0
45.4848832388992,47.29316585850981,0.78110006138305,2.8518406170052417,0.0
51.218779196573045,42.994668513804804,-4.989992239406799,2.9008209614458433,0.0
44.6454086863406,41.332640754281854,3.7022608881128907,-6.0867748560518455,0.0
56.16015017792479,46.33308761845047,-10.473243590339118,-11.052951143502689,0.0
52.449470587307324,47.320966621683155,-0.787814700008922,-6.825110013082743,0.0
47.89169610467227,46.39928506596092,2.8757101568254786,-1.080564809473997,0.0
50.655373162999844,46.370880432644604,5.972709781245433,3.0695591237507704,0.0
56.37064579419001,39.146431394462425,-3.8877679842642383,-8.373421725536717,0.0
50.99956833550954,49.1172088504511,11.833861394358163,3.55795186894907,0.0
50.38362459186095,53.62274457570977,-5.846506558678265,15.016248884537312,0.0
54.18063536352076,57.370643021725776,5.374059380219521,16.12823900305684,0.0
54.21884318924972,47.834632885397916,-3.5666874332205616,-25.1219267111439,0.0
56.864311799243126,48.834834047788966,4.792295734842803,7.456453723907668,0.0
44.90040557868784,52.61719015380604,9.986613913820094,4.0612739405601275,0.0
45.61467727290442,56.13123381839874,15.327915345439155,-1.7945803918479666,0.0
52.32216978065074,53.74457270106377,-1.8376533351930653,-26.93108410811852,0.0
52.24634843448229,47.64595314214266,-8.106245937414572,-2.5140998152577385,0.0
53.88923193374862,50.381097864515,1.9935728799795736,1.5832981752219513,0.0
43.470497899287516,54.94018019148912,12.573791564674437,-7.865929486483344,0.0
49.8852866314924,49.517209023026716,-17.516217248797943,-13.651547230883924,0.0
43.70957309770959,55.513320469632845,-17.938313569188004,-2.903180897819979,0.0
47.18585988352113,36.82550005144279,11.595751223859425,12.812720637167379,0.0
55.32063051362541,50.47204222533386,-4.3471784846582615,-5.929318705778592,0.0
42.05608456067468,52.71186041370913,-3.082081138515736,5.022534687970507,0.0
59.07012784220843,44.24979606965756,2.3345183435644574,18.756069361310303,0.0
55.18883320462905,52.93000951523004,5.106540103649515,-4.89980024793553,0.0
47.32924626242228,54.680596654811616,-3.3201628593203063,3.185119136384875,0.0
49.087110475692455,53.50384831167281,4.690582768737413,-3.085828897075162,0.0
58.998630356412555,48.99260971923194,0.48200625294890576,-8.446015267685251,0.0
46.857100608110805,46.38639542555093,3.8658290496239376,-8.110188443571229,0.0
46.239463896115545,54.443521676005815,9.322724595032149,10.213959054143452,0.0
44.02090401814276,51.174369886268714,15.190077724257467,3.130084065838996,0.0
55.48640071188443,52.844797005763255,18.721515941739565,1.9336847659589758,0.0
58.02294679837685,51.931720492266564,14.136388826690766,3.1956213306023544,0.0
52.915077883315305,53.48493294895175,11.251510164601848,6.144182060535446,0.0
53.403335223498026,49.39686195600877,2.145297545026215,-3.2267569106090592,0.0
47.35980342886271,50.7686150157587,-11.062748200301446,-1.4609520401496092,0.0
56.265826226947574,44.685231575836056,-2.657591858346896,8.39352893588298,0.0
41.843968020592364,47.81229930360576,-0.09948389143895595,-4.784588668437372,0.0
49.65500144401842,48.54091625754289,4.850763625366807,-4.903229957202865,0.0
44.5903236219389,49.21729845857591,29.605932493421683,-3.7925963267811253,0.0
48.285422309738024,44.66000548605232,7.265281853963819,7.744030602031668,0.0
43.99070739020644,48.63430389149272,5.9216689730984875,-11.67495083963514,0.0
47.567135532801686,52.581284912356075,3.9461243285960372,4.849084368993032,0.0
52.31124498360421,45.731256854218095,-16.176054701559263,2.026438913814661,0.0
48.377269379455264,50.95200990418411,-1.048095987654547,0.9046283087740519,0.0
48.66120285769417,53.944788486080235,11.286282107165107,7.986465445269029,0.0
51.350374699147146,43.8647983272692,-0.8204156044504464,5.250047059682613,0.0
50.93360485607504,42.95947922817057,-15.425578095765793,3.376490862652921,0.0
48.62134649800119,49.25188848727905,13.438156230838143,11.181860548155935,0.0
46.68983416559913,58.72167384049385,24.104759836399804,5.854402708654515,0.0
49.5397534394575,54.574998586474024,9.639683246913172,-0.8747882462361354,0.0
58.7703172451112,47.08574150843303,-14.718103019466122,26.467187584011644,0.0
58.12697541152579,38.59942986200247,13.414258862218274,14.665854593724504,0.0
48.31574984706166,50.80550952317901,-1.5397220318648244,10.612676761337296,0.0
49.68369700460437,45.00761735192025,4.6053211120949005,-4.087511143806273,0.0
56.17023640128299,58.7758059248884,-4.098547072496275,5.280388318309455,0.0
48.04607600701584,54.12402553546462,-13.122782152082948,6.7884514218840355,0.0
49.82103998951014,40.74156075095615,7.316280481281372,-4.179809140035646,0.0
52.10998819089039,52.41363366492388,6.709519775324056,-3.528035945349106,0.0
46.848103858892884,51.87072696091937,12.473158584960334,-1.731367895776754,0.0
55.90221914598503,45.24268156617979,-13.338275257777664,11.617674616734055,0.0
46.708197789564274,45.385846879798564,-4.614812007001134,-3.0291167457724884,0.0
55.614335729385964,51.18057496234535,12.892210758800823,-24.1143453733153,0.0
59.29385256193675,49.59618316194676,17.429593397274523,3.5363952402854966,0.0
45.96195685589123,54.65332891529283,18.230908031980885,-11.271120553360232,0.0
59.030858656683534,48.77097829828206,-8.789537612938377,5.205533909141845,0.0
58.49823486440461,48.18823027132022,1.5148423161241604,-1.9467306873574004,0.0
58.625751469438526,50.17543737494013,1.8453489165758716,-0.22621492996891251,0.0
45.629264284926954,56.690319319341924,0.2504395701677892,-7.60653656422421,0.0
50.69543595184156,52.854454645494734,9.155019584710658,6.484874792813436,0.0
52.525077784187744,39.97800596697735,-3.2855253968571856,-3.5003664831413364,0.0
49.6589425617296,61.24623401072649,-7.611285958372074,6.154776474000698,0.0
56.22864069244552,48.85826936272722,-10.190006526501287,-2.5707283667139746,0.0
42.4524515410203,56.64242169224274,16.3001213342111,1.1844842070703285,0.0
41.52458726169718,47.49874324706,4.7638830910323335,-2.7455603626024203,0.0
52.15623911588148,51.25870157314176,-4.8305196392945895,-20.62032443774234,0.0
46.803022799121145,53.115119621055484,-13.167121422616122,2.7549569121035953,0.0
46.553374252208855,51.32186462317487,6.0813749576898815,10.469009888041494,0.0
51.9238198809187,57.447062328896976,3.4253557535013694,-6.505528761413103,0.0
46.24348029173394,42.95785029662708,16.19405281088776,-10.119882288935154,0.0
43.332627674833034,52.832473415480074,-21.992083883490743,7.114357950296433,0.0
53.31607123446151,54.366370489860145,-10.423791247705601,-9.697938331388876,0.0
46.600303460532636,50.699952576748544,8.11332350078412,3.2101244160066655,0.0
48.85366744615412,40.53229628900187,-6.318584661811403,-11.361775227379702,0.0
43.15160106645378,54.52711199373101,12.636714147950661,-25.240102467400092,0.0
49.89124231247094,48.1068229184788,0.28541641020952363,7.899853765086423,0.0
51.84448614687838,50.30658735662664,2.0200674335958926,2.8805072623374084,0.0
55.44413600014726,44.15802089339085,6.860198357040553,-10.890222038145632,0.0
52.31696061087451,50.81840430709027,-5.8083778269203,6.7639302982195595,0.0
45.8948957529622,57.464684676532876,-4.458259858657484,-6.893138819419665,0.0
53.83493810780847,46.077366622261955,-7.677658936301689,11.79212947356697,0.0
42.26811950372375,54.56433617469469,9.630259145496831,11.584756192894224,0.0
62.78428256107355,56.14571416266641,-1.8871658470498966,-5.342063894683812,0.0
52.54275904556943,48.28253114946537,2.113999768581488,0.36989693454628686,0.0
58.39877455450886,40.669488400795366,-11.21190923773561,0.604469886908048,0.0
48.551037964960344,53.24995372179581,3.286655920658163,-4.033733232785438,0.0
52.35088544605235,51.873599941743805,10.111727384750553,4.066907688381477,0.0
36.6967808615597,46.46178559406072,1.8605317628813136,-24.882378458086514,0.0
43.45572955718518,53.30218543108976,-5.68254257969361,-3.489108009878359,0.0
47.25760274570168,46.948061757282694,-6.496777193029587,3.629728617377083,0.0
54.07287078206469,48.41455324668663,15.316377326945393,1.8685993354418706,0.0
47.23581080218815,49.186971443194444,-5.540937220727804,-8.668154356003061,0.0
57.74189893764226,55.07758102335775,-2.2439466264815713,9.154650847142378,0.0
55.429545360985216,46.68657250259479,16.330110389938316,-0.3617772366561731,0.0
46.59219414738654,50.68367831430316,9.648892127921071,1.7145848210292505,0.0
53.273316114460734,50.6524559436114,2.568018200187897,-12.415378822017155,0.0
46.75025976073923,51.20337513058548,-4.546896740373399,2.812538465929662,0.0
42.82815222066513,51.05234892048204,1.851715388266759,-7.851124694268739,0.0
49.81878719130507,47.03708116258264,-4.197849978580251,-2.577814546704916,0.0
58.433032477138255,47.28253091323226,-1.1609748206078856,-7.594564744358435,0.0
41.88424960921176,53.68018562079811,6.53664952891292,7.814664446089164,0.0
53.42573542756709,51.437996324601556,1.3836137624914615,11.513407639608316,0.0
36.13487209045029,52.76224842950648,-0.6928980631853574,0.025415823009499145,0.0
56.043719234648876,61.366649945605865,-12.00817226965102,-8.960251882617191,0.0
51.005937097416684,48.8614661509732,-4.6214552625405965,7.672741103007999,0.0
52.215227672003245,52.513808252750515,0.3779215627611239,-2.4176215788478848,0.0
43.39683934166431,46.272029214543835,3.5075077220753315,-1.5965710828286472,0.0
56.93615459852275,50.21139764710103,-7.593235548813149,-2.1925621369753325,0.0
55.97874017756307,54.378668462853135,14.345462375249324,6.648100294771865,0.0
45.17137646007699,55.478644235414265,-14.460082880470615,-6.810467637880505,0.0
47.343899694709236,47.933845961217244,-2.44005941274379,-10.648935254139547,0.0
60.187151691686154,53.155714970322784,-10.078585293615173,-13.704081790839375,0.0
52.22813282848659,50.41121957172221,19.28537640676433,13.365949409350948,0.0
59.1544717253727,50.35484561549906,13.431241144940921,-5.321760118861414,0.0
49.52375814480144,48.96139336405957,-9.273814616361655,1.5693265151493938,0.0
55.15020594174587,48.04455423338124,8.590282028096896,-2.9669038543892743,0.0
51.72735148527151,42.653645943997844,10.02921977541108,8.360588682001424,0.0
37.63311367816916,47.588560458965105,6.128873102516373,-2.572791743869551,0.0
51.08538024573227,49.777639745750506,1.0517600177338755,1.7085642056162078,0.0
43.111737328214225,50.279153415539106,4.092461965489168,10.157880729271337,0.0
46.493079989328805,44.01191693360196,-3.025057587947424,-0.32027621268637074,0.0
50.86086992497037,44.19311651539067,3.321774666328257,-8.201141226403768,0.0
43.957643942699036,46.25173713039901,-3.454911087407031,10.917300771734446,0.0
49.21868303551281,51.0782193388043,-11.977348528731557,9.177347536406192,0.0
45.8576383731734,49.36022250272154,8.98355179335068,-15.03433295530894,0.0
48.86271907161257,54.792495284039866,9.144797267550235,11.080214601948343,0.0
57.75728401738025,48.15792385279489,10.04441449887497,20.032353478218784,0.0
50.07604801517426,50.71177555890503,0.9448995284838526,17.87599899368308,0.0
46.01229008823663,45.574638084517254,7.251066475337392,11.145070593061448,0.0
49.32825204232702,51.49236936881275,1.0067627868473967,-13.128548245150215,0.0
51.56781959269219,38.75996291865038,8.213048773424264,8.607340153054931,0.0
53.17896139874101,42.091952479469484,11.614405608663624,2.8480764755831096,0.0
42.655906171258636,45.2055240842453,-12.653273256684624,1.132214320233132,0.0
50.99141691425231,57.35445265392058,17.902126439857554,4.210796774781958,0.0
49.420156989657805,46.54308044068637,10.925443357454172,7.8248894516094225,0.0
51.8199595717809,51.10322973035077,-17.873192097943406,0.49086031425071613,0.0
50.840601817097884,43.285778912218674,9.527464014475607,18.443437241047732,0.0
49.318383679134925,48.03801006782917,-14.525120124480127,9.503664459462016,0.0
48.425991272377765,52.62604318819004,11.970424609247418,-19.715983624961645,0.0
61.380271694887654,42.28014946475583,16.053299117002368,-0.0727499206148444,0.0
46.68285237642236,50.60949679754623,0.7775623332302649,-2.3399121055422585,0.0
62.13118071406677,57.73057251513424,21.839360440886715,-3.3003390322079924,0.0
51.05986688041824,48.803698840544456,3.336132804747491,-9.898750138295945,0.0
50.110810913229855,53.61860337774088,8.702814977605014,5.295353576345727,0.0
53.80113590540638,46.12336873506942,-0.37495017131003583,-13.717391382032345,0.0
53.50263566391478,49.25255080275859,-7.71661446251936,-15.098677725770708,0.0
52.14348230058156,39.45494864197991,-9.121924955766206,7.319693948082487,0.0
46.25788478843464,48.00418141392509,-3.9258527177454616,4.86365309890952,0.0
50.696992410417565,48.70468128895626,-11.800760732138007,1.145705503904784,0.0
47.2479326703206,46.989675339482176,-1.8575700544885732,0.5350199771664527,0.0
55.6729881110762,48.05603278438311,-2.7336993507581404,-19.81735737707747,0.0
46.69050839250303,57.278323968841846,5.836920144346016,28.059737683472704,0.0
47.28279370566562,52.4777468146047,13.746183460544287,6.96030641643657,0.0
51.042569418814466,49.85197209631961,11.20551506973526,-8.134046516506888,0.0
51.57498605173414,58.179554943633065,8.921992561809983,10.924797280968779,0.0
50.61337716069733,45.07717789806096,28.207097492135635,7.7807816035237405,0.0
40.511524942916,50.05213103471086,-0.7017473031124093,-6.739895739244686,0.0
52.07803559563701,48.798089568495755,-1.3683402337221373,3.6550042831522496,0.0
53.07882843108175,47.814560621054795,3.2733629001483666,7.2627601751808335,0.0
48.38944286364485,55.64411894082171,-3.0188951416122842,-7.088544471983886,0.0
53.109412243159866,42.90391291133701,-3.3679251816650106,8.480898223443482,0.0
56.0624506301821,50.31532691567498,-13.444149205376547,1.4452897787641823,0.0
44.70542816281621,48.38731687903778,19.661343645859514,9.368388849128799,0.0
53.84202187381878,56.70726902685354,8.443258238718682,-4.229443833801135,0.0
47.52704771737625,55.85886859769313,-10.344930615941585,-15.172683213042042,0.0
56.72401785852376,47.578598834278566,-9.916079352342033,2.251136444240497,0.0
52.00650144939088,47.35664311591113,3.4869455542803807,-2.5571594776241136,0.0
48.66027710907653,48.903494246686826,1.5189280858775724,-1.0616950276998574,0.0
40.49949785015482,43.854556777001754,8.930842993701875,15.667794735525371,0.0
51.7115080337567,49.97528337000838,-8.126025830004384,-0.5570203775132644,0.0
51.52994911819827,53.487180768898206,-8.901620881496234,-0.010538009835669528,0.0
51.91224890921348,48.731871903623315,-8.676974021520484,-1.7269542559838515,0.0
43.53763555374057,50.31957954316679,-5.215737299614041,28.19828862866196,0.0
57.72209923285646,48.98353231217531,-1.6386709321699442,-18.090464211469513,0.0
44.9970713545478,58.966320817556756,-18.311619510476792,0.011900589966337832,0.0
54.157475701399065,52.62645627030693,-0.9828316473990979,-18.287241160456013,0.0
58.574504823694255,51.34229454358487,-1.7062588281554227,3.9426181339413087,0.0
46.021358357914686,53.53869311240876,-11.73014887826686,2.9664937035469774,0.0
54.93387543912009,47.11184973852197,-14.395397258470325,-4.42296224681048,0.0
52.886895905104545,54.46697133011443,-16.25439259921594,8.78935239037813,0.0
52.336667158536784,56.63185093216565,-1.7707540131468027,1.4231020495159974,0.0
53.76808924568601,49.50331551894799,-10.951532500300075,-1.5091387300137153,0.0
51.59842049138535,52.9992741431194,-4.6428310748253585,-14.268005952582541,0.0
46.99325650756427,51.851688034565505,-6.726851762053169,2.282941973092064,0.0
52.12347639108189,53.29913960602504,-7.911414229303372,10.162686277524326,0.0
49.62153560299797,51.42574025055113,-7.5720310927702,1.9352118939783018,0.0
46.97588080574039,55.097942441948994,-2.0807858031902424,-7.402012105353911,0.0
48.61852006173037,47.38425093982986,-2.607520419946069,2.7737960025981434,0.0
49.61222448561527,42.22473906865949,-2.0561817194464704,-9.874479596449143,0.0
53.01797859168314,53.548991847831886,3.539796549830428,-13.868841381704502,0.0
41.468752114049465,48.36526106482676,2.8306157552682265,-2.3936465187271643,0.0
53.51843177125614,49.65593905293733,2.1864657319232057,-3.7481064651187106,0.0
54.22509253988784,48.96618316990161,5.3873625536345955,-13.930866940210404,0.0
37.58331894669466,51.70159852354689,7.917853589614468,7.1094753700070275,0.0
43.50068398250495,62.09324012925498,-16.408783829915336,-6.128520071055888,0.0
46.680024400707275,49.97467422596507,2.2994420309533097,-10.224052491049775,0.0
43.401428135121115,41.83854593459178,-13.835477447013647,-4.226081832144216,0.0
41.05265204610146,54.25249007091762,-9.0989353513471,18.295672489586593,0.0
49.73668905592138,45.68692116063687,-10.732149239957723,8.398806530561103,0.0
56.39215929426096,54.07534839953444,-2.623559457642721,12.495981817047369,0.0
47.538522824631734,48.29123511534107,11.774717951320767,13.055312510350701,0.0
47.705843327097334,48.25500773391299,-27.48871616934457,-27.0403801446255,0.0
48.507077835385644,51.79004099440165,5.057438455736863,-8.830900341836985,0.0
48.038907217965075,45.53869088770593,2.1356334803428783,-0.005855451218552854,0.0
49.548343331081774,49.87235137964619,-6.574036567809945,10.7250954078506,0.0
51.77971537194936,47.723827188594086,1.9593957078953614,0.3837227003484729,0.0
52.435508578058155,52.71910941867235,-12.672288869163603,-5.142282935306709,0.0
54.626735129687965,52.3958234225529,-3.284959606678651,1.0358170444287877,0.0
42.91243961623807,60.355677647010296,5.432535877405366,-14.590732761814069,0.0
48.24081388617634,45.969074842701744,-6.387915602052624,-0.4768726401821988,0.0
52.97261848814998,35.968723895625,5.022873337829243,-7.61726161998595,0.0
50.090062167532345,49.691272803836554,-6.0166748039068665,13.038059350233864,0.0
50.142623678441964,39.4150961107404,-9.619209516358115,3.0775811849627877,0.0
58.016236692210406,46.41508978335952,-3.484501548430416,5.148183985526642,0.0
53.35472115345358,48.543638668597126,9.538125500568023,-1.9934030958047106,0.0
58.80557474049261,52.88298924853835,6.8629705968221,27.91588675406542,0.0
48.3555401779481,46.96694398688499,-22.411287703440426,1.2527249736726755,0.0
47.43729197507129,54.852866989856835,-2.898875588037757,-6.501815083679803,0.0
55.13682329462074,50.51365042676756,-23.16463413863471,12.304047823125622,0.0
49.267418172993814,47.935285377921026,-16.593347233431686,26.311321563619128,0.0
56.381231489857086,45.184845990180435,2.8498511041878247,-2.836057489320114,0.0
54.72892127172359,57.773476368923696,-9.036859695861477,-10.71059998387379,0.0
48.447961120124575,40.10094045739828,7.98247416079755,-8.228251613641332,0.0
48.828691660953865,37.725159940177235,15.223441493848389,-9.351756886486717,0.0
50.783974867525934,45.75839541541257,4.394800319762736,3.114253698780538,0.0
56.268572569033324,49.45383469337382,22.314021005570225,-11.281076173583566,0.0
49.18580719994193,50.74059877151489,23.187454157559117,-8.958628060183123,0.0
49.58481273812563,57.06376393865648,13.61317389908129,-2.255790644093786,0.0
53.43238577340408,51.80870316763425,1.8497536450569045,2.263558514855684,0.0
47.9066212636449,41.537828813725184,-17.905056586800438,-3.429358396264805,0.0
50.574580291625814,53.48751170551228,7.728074010072303,-19.52874112118992,0.0
47.71193164865466,58.44033555162426,5.625816214987101,3.2400416188569405,0.0
53.23867728608534,44.4867434635468,14.73493678679801,5.955931118239537,0.0
53.2406785737095,50.358748930471286,-10.321706077174644,12.7242091654297,0.0
55.303403527001166,40.78723004191287,14.321206298332935,16.749447422602564,0.0
56.59182601481485,43.3578016051494,-20.20313091009033,0.2692459043055775,0.0
48.82179592142738,43.34583503857514,20.099271390282468,2.3439198582288774,0.0
49.83904882120106,55.1662998188539,4.5386874952632414,-3.6620920842217224,0.0
50.90443162710323,47.456009080166126,-0.6851588500638552,12.741566098695884,0.0
57.10508448960479,52.25718873173546,-2.0689055925445974,-0.28543395380117204,0.0
49.90482641040734,57.54626567822212,15.702140139108028,-20.28035870532863,0.0
43.74207721338913,57.45546896842797,-12.653823876993265,8.314642648324973,0.0
48.97041549296903,33.45681685445177,6.232023910386591,4.070438166319629,0.0
52.385282354562364,37.088410924777584,6.500754002553465,-8.95730175868488,0.0
51.489535105687274,48.944575617640474,-14.58492651462615,-3.171015199921351,0.0
54.80467001516908,47.57945522970356,23.62063338530808,13.208584195500368,0.0
50.42610691262533,53.57355533841875,-5.384467591327063,-2.063690098853746,0.0
44.202101337502185,50.03395082918984,-11.582800419027631,-13.292620382544282,0.0
53.00780481975231,49.8206578799427,-4.6304000473283855,-13.729961085025199,0.0
44.833176273651034,53.43738348458879,-3.8239774745460675,7.492834912743376,0.0
44.95334438486722,53.1603852600407,-9.802994307251975,-3.583632351149043,0.0
46.978684738202794,48.29903648269044,8.960483435003763,-23.91891203214039,0.0
58.0671253053178,60.007258418950194,-0.626983582208212,12.058115070160582,0.0
48.97339655215399,54.11226268748985,12.374330087794121,9.247184659150161,0.0
51.12465343450432,50.60415133003388,4.83223167472544,-19.162626192154768,0.0
44.60919698503977,59.735456400625225,-1.782311644227264,0.191845345631401,0.0
45.48758871640548,48.0610969469172,7.992680739549488,12.016989982041157,0.0
46.51146858403723,54.831914710012406,7.856946430464013,-3.9330772152535687,0.0
56.99742019433716,52.75489624118575,0.6492822583797941,1.436248606162561,0.0
41.98812204256502,40.75459562973195,-1.5405890798148916,7.009482104839703,0.0
55.49657246831,51.64311911964583,-10.053792420269275,-20.58307578411228,0.0
41.703569614048504,53.51928742473808,0.20419746707535968,-19.773092217834467,0.0
46.81399156437449,48.76311701755448,-10.277449458962032,-5.786770615691831,0.0
45.88897898091323,50.167188483348866,0.6966778655196698,-10.834069779227205,0.0
53.30467661854578,55.99204355377091,1.9788258265493763,-3.4552245521757783,0.0
59.804284859528615,47.17741899711241,-3.312175142282334,6.173017808391512,0.0
53.02286078334812,51.09950097593243,-2.138928114484579,-4.155582046610054,0.0
51.45472227789956,41.24241500393663,5.917567923882006,-5.155792921424806,0.0
45.11772433375276,55.507898139969534,8.173039419088612,6.647243495420164,0.0
48.8962861306167,47.456322723337166,-6.249225188331504,8.261845099844704,0.0
50.9965291413533,51.73054159005936,-14.075877379289132,-5.568018978988024,0.0
58.23610982043951,48.97666271739891,-6.924143102391257,2.2861379633831307,0.0
46.95702842975086,49.26513325056906,2.083688687135993,-15.98267076172669,0.0
41.654609332679364,42.173190951028886,-0.6475129608172892,5.468015691135277,0.0
39.653535690905755,54.937211716117424,-4.676630366756228,-12.582793777682948,0.0
49.469340304564,43.968636364665585,-0.5103059968762762,2.1743710158461353,0.0
46.16546860920838,51.8778391992766,-20.886577082353174,16.7340666561666,0.0
48.5242936789244,51.400408022297896,-10.465708866513634,-6.542502586326487,0.0
54.320294423711495,53.86764543689359,0.6981072256923243,12.07683313105883,0.0
61.48051948402991,55.73469725005869,6.741435403750304,-13.392398262869472,0.0
40.647911617649555,59.78493242413883,12.984490155879113,4.8447057482369535,0.0
51.40993794331139,44.09916584503117,-12.149285929400595,-9.213107074302552,0.0
61.69891289599627,52.405525229782356,-8.488368301252953,12.876427912055524,0.0
59.669902276158794,50.43378122266396,-6.760175739826206,5.810490503512808,0.0
47.90944919641093,51.239669685988055,6.958934519427497,15.96444983026589,0.0
43.78854081729722,47.41483405002955,-10.927476648871542,-5.515029586475933,0.0
47.75983360743462,49.67795745011019,5.632733164978923,6.620419702201319,0.0
45.98408417426785,53.01143935523385,5.847318383422869,2.3524379025145854,0.0
54.10629183089249,45.05621715264441,2.754927593508532,-1.3187014446550487,0.0
47.882233260807354,50.22238574870121,-2.583794790051777,-3.365967290384858,0.0
53.08434581795354,50.93027552155724,-6.645834519907034,-13.649010232361437,0.0
20.494534719954565,26.731216532399134,3.3846074844471636,6.459973467475257,1.0
25.650725921382044,22.159031552193916,-0.7925503340890425,3.3699249793662025,1.0
33.81642252042513,14.101426983299746,-6.246671878772609,-4.142906324885542,1.0
26.52784132317874,16.040670562189163,-13.834705606515463,19.180379723334376,1.0
33.55981585003369,20.02283508553502,-14.266626142688747,19.32072167892854,1.0
30.5917777410052,22.055277147713284,14.798177417158074,15.75892385292088,1.0
25.756615384284686,22.36863113437453,17.49204106618469,-10.745226584219939,1.0
26.33189587666924,20.377935639929532,-8.467931528743073,4.14827833545179,1.0
35.2939207994227,21.758231853091377,7.744953359138772,-0.4174772340705896,1.0
29.436922627363586,17.141556085506473,9.418605769902637,-1.923641920353617,1.0
28.740065209678725,23.21770554245928,2.5556499706859532,3.792748540676202,1.0
27.703105177920598,18.054367847660785,5.15850950264221,16.20291109489896,1.0
32.646664194896,25.940991866841863,14.897807756599232,2.361841717086805,1.0
27.349768639313744,19.454527379692045,-5.214744525863645,-8.328861315450476,1.0
27.32255572168903,12.456971554376848,-1.8662175311133622,12.146103006260008,1.0
39.38166001386293,16.160905735310656,-12.003816396790018,-4.206934262453687,1.0
25.580336759995557,23.931658078439032,12.166783033865107,-3.350018040026315,1.0
33.76366538891605,4.977667053442847,16.22577839903726,-14.971053492715676,1.0
27.782414341568316,26.855336845375536,-4.964683459365704,9.93476553135695,1.0
33.27806485843523,16.445959334990782,2.614407782898695,6.983903883582904,1.0
26.73807627818656,29.641384336030214,12.75806245838059,14.212728784774225,1.0
37.80937901987641,15.678379938338361,-17.366304821579888,-1.1395218999136627,1.0
34.32141880626835,27.353773998202694,-17.08340996236784,6.057870635535824,1.0
40.451909324015475,20.56700596414493,6.274141003016586,-7.683058141957073,1.0
25.9855156639667,16.569670241794604,12.350602522276795,9.231391341186754,1.0
36.56626340704864,22.560691169483327,-0.6561854653519013,7.43875817549851,1.0
33.03163947098986,19.55143356290903,-8.368947183959992,-7.904121634732169,1.0
30.663099135052725,19.737577564889218,0.3020179578049074,-0.28109793317931625,1.0
30.433596490278532,21.690635216413522,-9.098486778222775,6.260819960791199,1.0
26.42608866523277,14.249915257829024,-5.194547403220477,7.545754423432088,1.0
38.385588100946926,24.813389547691834,-12.11168223087747,-4.859642013331882,1.0
24.833178075709355,25.952128125948406,3.9007185510352964,2.051346506315192,1.0
28.16020771238092,21.160960384655542,4.636625888936571,-4.075832146426468,1.0
22.30865075435824,22.720598420349123,14.578893015486514,-2.53325330250589,1.0
36.27811573527944,22.54808295444891,11.730749492885291,-4.402741634317841,1.0
23.984809882925298,19.859680995759813,-7.823440451205811,21.26229761296031,1.0
37.23664034899238,29.270815537188575,-3.2913861828373614,14.214735658610065,1.0
31.87658912056884,15.929636589084279,-9.860950826460869,1.0870442321906437,1.0
40.54305418488986,25.678941185581756,12.661120100058568,-21.179605335663684,1.0
31.73983216026449,24.406718551100706,20.509417655174644,1.2316446037226405,1.0
40.472826901449764,22.376322081029,14.04304079306023,-18.881820466091842,1.0
24.6115977513075,21.822028720368557,-7.879744779883594,10.503729455462521,1.0
31.123223787543665,13.479151359225973,-10.536712817917635,11.251622067043481,1.0
30.25271465663365,18.830249713950945,-6.507865493490033,8.108734485552263,1.0
27.07583521751686,12.181850099943892,2.1681905008760984,-4.222018403503224,1.0
31.65336308986479,19.10020469145352,0.26827930877104533,-6.853860141245932,1.0
34.96955398760322,24.121371595347213,4.652849731755289,-3.0263846454575254,1.0
37.57264914237268,16.489051465555292,-7.819768256501465,-13.104934605118459,1.0
33.94832041087101,17.42281988200438,-8.176956945329431,-1.8930077463524135,1.0
27.959064288797858,20.583960773276328,-9.022944789185516,2.0324251802151405,1.0
23.819436741459995,17.074124490849847,7.952765864319147,-0.23360970022410815,1.0
28.97423323180973,11.581125764240761,-0.0830576749088467,-10.789542186252305,1.0
28.34371558821789,23.169810314961836,5.059817902989061,-0.7384746471977652,1.0
28.28292753943369,25.915098367596123,2.6127234603071052,5.1962337068388145,1.0
33.708925161784315,17.07448300760739,6.106674702199097,7.795584987304886,1.0
32.149011797690356,21.385204957106655,34.84246737614005,3.2539677066213897,1.0
26.640310262663156,20.527726920212,11.409525661030504,-3.1490112162399826,1.0
32.19384907438518,19.81540735426593,19.208639183021706,-1.5522934781944742,1.0
26.66756179778723,17.128461105770405,1.9599903857702226,8.949842808451189,1.0
28.027331176204743,22.750718101538148,13.251116269684033,9.0734907252031,1.0
26.18268145206834,15.426928475140954,6.094632290637003,-3.182249485330741,1.0
31.94112713202596,20.088126509457588,-5.080962308792759,-1.072337768051981,1.0
29.092613490313795,17.303637732308246,2.1822892453790077,-8.00070788012945,1.0
34.34170384386988,19.10090221639277,14.19941928053461,-0.9964296857280044,1.0
35.90604875559381,20.70762823932997,-23.273089312808153,2.313491042458841,1.0
36.07235002754919,21.873519216139105,-9.064073992536652,4.866456528457287,1.0
35.23849341601829,18.92868020540734,20.693329912457084,3.117453850134608,1.0
31.195778467418325,23.136413025051183,5.2045474280087465,4.7425584684834226,1.0
29.615046372348935,11.776241788396678,-0.912149069838875,2.426836015662252,1.0
24.079562425755782,21.2199750328856,1.7032899287395744,-15.844410686296438,1.0
25.397064569373054,24.771391024698637,23.291853911769223,-1.2250004310621225,1.0
27.00440792579743,17.2794149382293,12.36461227088988,-8.28458613724861,1.0
35.79833559468316,29.472834865552592,-8.31922862633829,5.203913499804148,1.0
24.828819831142866,23.473741892589672,16.35150627440571,25.858474528723185,1.0
30.29042879316204,25.967209679253063,20.3687663306592,1.3644181184930246,1.0
33.505841209368015,10.067320839500152,6.077372371451126,-10.293899235189954,1.0
28.99954789480976,20.29010060547074,4.520467929879647,-0.9661053155985575,1.0
31.155735600948972,18.2070707846024,-10.99463671262232,15.562965318956522,1.0
23.576348732053933,7.9160213915770825,11.549737724607708,9.243245368568799,1.0
25.554107475352154,16.64285879772028,-0.8979035789378496,-12.191166884472525,1.0
30.117275797669887,14.46500179207375,15.897851187765903,-1.1034428919662078,1.0
25.000052102839703,19.11504150841027,7.4414840471522545,20.54385232299051,1.0
31.685208993878955,19.531616713030118,11.790486181253563,-10.837918205832057,1.0
25.832277942093846,19.258433522304916,9.671727698783528,13.83037353050508,1.0
30.066371388926825,21.573088836381732,7.784016088993338,-10.974364024002927,1.0
23.224771464912813,31.164860727797357,-8.199692316625848,11.81664839897223,1.0
29.117348954494933,16.60530879371456,4.632185096509814,-12.493557656244079,1.0
27.753735049721293,8.597520809262626,9.712022962630169,23.66258721729483,1.0
28.234169660009698,23.811148160017915,2.138187448571303,4.543659679658415,1.0
30.80697600755834,15.982838568472895,1.1805448708355757,-3.182816735628003,1.0
28.837088843030067,27.553931226543064,10.854164877538746,-12.99091374795362,1.0
36.83299767513347,19.76417284854446,3.955793843979224,-21.00148870088468,1.0
28.223041518262704,13.873482947666167,11.871759428443887,7.398997459894656,1.0
34.61864818162501,19.949134961724386,9.818520065466288,13.580566882844705,1.0
32.13756732415969,24.75697366855331,-2.371653211970446,0.638378018106551,1.0
27.380209961068676,20.082310273232324,7.844588314998248,-7.417862039681829,1.0
31.256236846943377,26.185029185468387,9.363065735561122,7.0014262143896,1.0
34.403233831014454,21.981504012817968,11.989628746945973,-1.76864807882047,1.0
33.066641046275876,30.099805090478977,-9.475947902801718,9.689529640294614,1.0
28.633834820433577,15.164871956375078,21.87232399285447,-2.2237615898983796,1.0
